shap_ndvi,shap_population_density,shap_building_density,shap_building_count,shap_road_density,shap_road_count,shap_water_coverage,cell_id,predicted_lst,observed_lst
-0.3109310528204666,1.6795361095562173,0.1514199084551963,0.020447546002471416,0.20377514824274898,0.06321483923653128,0.13325254253450197,2,40.955429364337746,41.72636
-0.2847013715926258,1.6290255521458614,0.1529069232258349,0.026514550719046084,0.20196528756511564,0.08130577399355156,0.1321221648151227,3,40.95385320400242,41.72636
-0.18482700269574195,1.6145082578490695,0.1429936626502237,0.027731923545493073,0.08957704422777696,0.0835251565858923,0.13329577590511382,4,40.92151914119832,41.204544
0.6093060519947047,0.5375001872625499,-0.35213308524738135,-0.14609130496076217,-0.03905668875702932,-0.04936923677885582,-0.10174920398304958,10,39.47312104266069,38.973637
-0.6817617909235353,0.7822643218964904,0.1262982942550985,0.015595475843280289,0.023113495541710195,0.024156695871363282,0.10487938063867196,13,39.40926019625356,39.760914
-0.5590330462238308,1.4482316186029527,0.14493545188511167,0.017040385561927454,0.09425859358330538,0.04169767775587777,0.12783399721136782,17,40.32967900150721,41.546364
-0.19510431791619984,1.741669770270154,0.15798405680408847,0.023014767645221555,0.17000340073693035,0.08671712722438946,0.1339871268474622,18,41.13298625474258,41.72636
-0.20573496913664727,1.6715948724910654,0.14365300675883216,0.021932427792275548,0.0773457399738039,0.056334738803345476,0.13203090420510044,19,40.91187104401831,41.72636
-0.20802898547452797,1.6441909838472812,0.1451172188947398,0.02617356131015102,0.10493245774910392,0.08043553134595596,0.13312463883811332,20,40.9406597296413,41.204544
-0.3862638157588785,1.5533230005314185,0.1508399320987143,0.024128502573305538,0.13045360806254055,0.05105090939729867,0.1278331366944388,21,40.666079596729325,41.204544
-0.5509132215796844,1.147718596758307,0.14341841430638078,0.021610050470645688,0.20904811417399546,0.10011239423780495,0.11751335946220973,22,40.20322203096014,40.702732
-0.5670603006136037,0.9696742812210755,0.12923459959306735,0.022360458896498257,-0.04571657869812505,0.03991461804679787,0.11403660632909167,24,39.67715800790531,39.159092
-0.5018143095084575,0.7193145438361866,0.12995662526148363,0.022196517675002116,0.03109781331296184,0.037089230952097846,0.10888055224293466,25,39.561435296902694,39.159092
0.6228962640946991,0.655039257166585,-0.22612882037170887,-0.1473801822247476,-0.004664148489616432,0.037706500752764764,0.11477225676144538,28,40.06695545081991,39.459084
0.2906679119648453,0.5783036297515296,-0.31534135570349114,-0.06774937747822589,-0.05640328390554333,-0.028859677069266496,0.11886763259824684,29,39.534199803288665,39.180912
0.6503818107642423,0.4866715467299306,-0.2753295363604814,-0.18449634280098548,-0.03807862812328605,-0.046937420773556136,0.10858762987346993,30,39.715513382439845,39.180912
0.6727435008652947,0.5054937206440429,-0.5854918290779536,-0.04004623581032558,-0.036975524069572,-0.05855712625163874,0.10189301289948266,31,39.57377384232986,38.922729
0.2359037942812626,0.5942243351329511,-0.27857879754859294,-0.007979546193061663,0.08553565188862947,0.0056238656882212435,-0.47700252005428045,32,39.17244110632564,38.973637
-0.7166524802378686,1.095435866641315,0.13270812142229663,0.014248792953691925,-0.017201765467440965,0.0326201884693579,0.11308498931967909,34,39.66895803623151,39.760914
-0.7245015236970043,1.081912728788097,0.1306864183688695,0.013835377286409331,-0.018072872751773633,0.031091592483623632,0.1124659817343015,35,39.64213202534301,39.760914
-0.4779488070283277,1.1727053492090773,0.13636606630360018,0.019289832766291808,0.05439611932246903,0.03867632723702357,0.11728787734684053,36,40.07548708828747,40.713638
-0.7029747619704142,1.2232051946574638,0.14755465630632478,0.018793323475573907,0.17943589186766032,0.05311506121093522,0.11687396429356471,37,40.050717652971585,40.713638
-0.657390282769837,0.9819242795494857,0.12621877940459067,0.021005832292448963,0.13519255001825292,0.0662590661997492,0.13761617991039693,38,39.82554072773565,40.610001
-0.42896018517280676,0.9948211870589444,0.12581873998224427,0.026402303747320485,0.135039026859626,0.020677061407363004,0.13091424303791954,39,40.01942670005116,41.546364
-0.47231842571376575,1.2000676155998948,0.14627793364968242,0.02495193529680368,0.1490953455716736,0.09479181857476016,0.12049107668986869,40,40.278071622799416,40.826366
-0.4477562542338645,1.232443664018338,0.14744859423732756,0.025872587392506127,0.21677262448381135,0.09680862288184748,0.1217928581086332,41,40.40809702001911,40.826366
-0.6582745733956186,1.3161458205519903,0.1525981516949874,0.01727747173774216,0.20410568894111075,0.07557828522811712,0.12352224466840704,42,40.245667412557225,40.526363
-0.4043314748013225,1.329375774977099,0.14623816580842294,0.021373344693057607,0.20338086459633392,0.08158772784311905,0.12152297063685193,43,40.51386169688405,41.204544
-0.5842970942444403,0.9479725154431827,0.12736097655009596,0.02063564452451449,-0.056541749605161284,0.03624030589803367,0.11208125615230154,45,39.61816617784905,38.806366
-0.3000130331662243,1.0115618230255363,0.1539696811258725,0.016854856701494093,0.02830672061426206,0.059068964241581264,0.12612034523900803,46,40.11058368091204,39.929996
0.3393753163117595,0.7417772646339826,0.10587193823225628,-0.03129063600630898,0.03478289548212514,0.010972642238218748,0.1356301913295732,47,40.351833935352126,39.159092
0.4226971865941681,0.8451375504938048,-0.18594162059268726,0.02761251409893317,0.047922649906711676,-0.025329071941172766,0.12668945317372257,48,40.27350298486405,40.100906
0.32598124126020606,0.9698658114874212,0.36492336859438856,0.014558019551475688,0.10072859760125846,0.0071649672963793815,0.1358064912924099,49,40.93374282021408,40.100906
0.6476435027497691,0.6517575714467162,-0.22756378768569452,-0.13621028307539357,-0.036038147799339094,0.03175401336677733,0.11267999926710412,50,40.05873719140047,39.902729
0.39055471585336476,0.7501511556994112,-0.028214785590797455,-0.06599926175087496,0.0668029330580485,0.057882848134462865,0.11730937503918579,51,40.30320130357331,39.959091
0.40938579875415365,0.6383421009697839,0.06195914614067205,-0.02480832874153,-0.08220802092810357,0.022991038835751588,0.10739031921402319,52,40.147766377375234,39.180912
0.5659283049443733,0.5805776568171134,-0.26781512559259657,-0.04508679045354655,-0.08290089119108916,-0.09535036189159597,0.11856697990744981,53,39.78863409567063,38.922729
-0.5367649249348875,0.5683808706020929,0.1253995575358501,-0.023111419613941215,0.22485076784564761,0.043492725491572515,-0.7702854466310594,54,38.64667645342577,38.922729
-0.8827161304744292,0.5894237438176753,0.11428575116787387,-0.020618099504201733,-0.0988014201782898,0.008472200027097901,-1.1035125974698152,56,37.6212477705164,37.626362
-0.6236923148425155,1.1142135534597517,0.1381578411834309,0.018884422915404674,0.14057976712270065,0.052022283836664726,0.11563152807639154,57,39.970511404882366,37.626362
-0.7156290940720109,0.9691129091733105,0.12798471075453713,0.01589193578782866,-0.06902678393038007,0.02834625610141794,0.10923971876185637,58,39.48063397570708,38.851818
-0.7791201106052168,1.2056826175866122,0.17013391155919852,0.025938538247877365,0.03861562060015407,0.04796808422585667,0.12824244151060338,59,39.85217542625557,40.713638
-0.6892002964949763,1.1688828673569847,0.1525096280658207,0.020636715238384052,0.1747778652379535,0.04009502152290626,0.11817072641622187,60,40.00058685047379,40.713638
-0.5033547668764146,0.9475255116447712,0.1282090756355338,0.02451621259134688,-0.009504978888403707,0.0075266751080034135,0.1294426713007124,61,39.73907472364607,40.610001
-0.5407040164837318,0.9247800975680711,0.13011910035843932,0.029077454033921046,-0.04420143284587963,-0.03049557167868239,0.12604428651737692,62,39.60933424060003,40.610001
-0.46816461086426564,1.1764638413925619,0.14704045119560347,0.026259037068962994,0.17508837599378796,0.005364229896282398,0.11740721464534534,63,40.19417286245878,40.542725
-0.4144251314615286,1.2160147401278003,0.1628257753635821,0.03341119729084095,0.05755520731332808,0.03410841449222065,0.1329062477492622,64,40.237110774005984,40.826366
-0.5828845092088561,1.2602086090730995,0.143581807856167,0.016402768970207135,0.155813776290755,0.05749665987141018,0.12033249217323219,65,40.18566592815652,40.526363
-0.47135853058608573,1.1683703772859662,0.14396486531009747,0.02093770907066484,0.09777021434364433,0.05178083082970428,0.11910305473839454,66,40.1452828441229,40.526363
-0.38513565224314106,1.0827789299780641,0.14118838024925257,0.022798282404451004,0.09342994072184306,0.042768995730130516,0.1220973923059892,69,40.13464059227708,39.609997
-0.7121122402783022,1.0060757225147854,0.12236686795037925,0.01577710435538085,-0.028400484187550517,0.024379607637092304,0.10926244395898282,70,39.55206334508127,38.806366
0.028877090512925294,1.0217242178106722,0.05102192786092386,-0.046422149362745295,0.1461763956435327,0.029520727716103833,0.13842800580221032,71,40.384040539114146,39.929996
0.3207872566472727,0.8342380261502849,-0.3014983070914452,0.02167254256637812,0.06400677792517195,-0.03200645041998426,0.12703823986260407,72,40.048952408770816,39.929996
0.7985525623639647,0.7397639736188235,-0.11381249268202634,-0.007625434601115122,-0.003262087813981928,0.04550687761372596,0.12081520248902657,73,40.59465292411892,40.56818
0.633073544095962,0.7481567289393656,0.030446271993447578,-0.06824072584094132,0.048518261485295346,0.0036923437991466003,0.12089731361794732,74,40.53125806122074,40.56818
0.758559522951431,0.6669933221370762,-0.2830849242695931,-0.03487369422706171,-0.0071220566085172295,-0.0010477291601321064,0.11177589956066965,75,40.22591466351441,39.902729
0.5130632740476773,0.8288928125558956,0.05146734129905778,-0.037298674488721,0.07871772586492672,0.07156339687480218,0.12192474510192582,76,40.64304494438606,39.959091
0.6253913313861901,0.820350831550858,0.142774929099155,-0.0006413838888042317,0.011417853095841276,0.012521324219985256,-0.017630473389114255,77,40.608898735204626,39.959091
0.5319316287124658,0.6403932112674934,-0.02812892665532315,-0.07636039670206993,-0.10155898413195806,-0.009872744751004987,0.12157850283246267,78,40.09269661370257,39.488182
-0.4286576148190235,0.651132606065511,0.06255957091739084,0.05381918475350635,0.22023585637708315,0.06430756547219771,-0.6673063769498726,79,38.970805114947304,38.922729
-0.17748516988124471,-0.1955452358957425,0.08726919479997114,-0.009076893981825946,-0.06331950248839155,-0.043359023206451526,-4.048281529737687,80,34.56491616273918,35.920906
-0.20742285254033976,0.1400376250126538,0.09564301982319813,-0.013098472806637304,0.07883754291477366,0.10065626075737406,-2.948688435027955,81,36.26067901126358,35.920906
-1.4589646107095406,0.4446004939523475,0.09962895198251187,0.01540093629370793,0.011722621304288822,0.02080678797764927,0.10495866717176147,82,38.25286817110321,37.626362
-1.2896484945803552,0.48542484963402777,0.08792329916339521,0.012407783736923321,0.20853873964810285,0.017140733246229726,0.0956366023456357,83,38.63213783632446,38.851818
-0.7718032713219389,0.7325706158219514,0.14181595672834035,0.027983303362838798,0.012788326123070156,0.027001578837634415,0.11798431095451607,84,39.303055143636925,39.530003
-0.7274610473083905,0.6742009578324378,0.05708375320919694,0.02533556803220757,0.004313246122756915,0.020754823152087754,0.11292225477323244,85,39.181863878944036,39.530003
-0.7856131091415192,0.6716020993432738,0.1598421310906385,0.041783661166055114,0.08151573208204363,0.03379480654237511,0.11803719727371434,86,39.335676841487064,39.824551
-0.6047795779296786,0.6664338749702067,0.13908198663013296,0.03867256698738347,0.14086338096469295,-0.0005055668352357162,0.10604461728507418,87,39.50052560520306,40.610001
0.31047549744420555,1.129841922620755,0.26993181132626864,0.0027516193518959016,0.08919879706389218,0.06605151009335913,0.1273546039101923,88,41.010320084941036,40.542725
-0.4971888199614867,1.020585955205022,0.13408892849388457,0.022593052558277413,0.0898497192071405,-0.0014429684230895465,0.11500727889513263,89,39.89820746910543,40.542725
-0.2866798958582605,1.1622284830714953,0.1429872827877408,0.023734971071008075,0.10249509613534881,0.04613425526693912,0.1230910212765641,90,40.32870553688132,40.399094
-0.28550517075800497,1.233736182668822,0.14022906968966944,0.025449312685869058,0.0747638900121834,0.06406937889242292,0.12279649576852503,91,40.390253482089975,40.526363
-0.37446381728167943,1.0743752889250828,0.13291784386491712,0.022590083336072576,0.08058127774808115,0.05121046219753446,0.12170394647006869,92,40.12362940839059,40.266357
-0.5122107797431695,0.9881247163951773,0.12855334968176094,0.021932708114496227,0.043759627258246045,0.07968547088523745,0.11390907692350792,94,39.87846849264576,40.137272
0.46800397422887785,1.1043979994139457,-0.10491057790519252,-0.0522645270762962,0.016779529711645147,-0.007127802144947363,0.13261501644676194,95,40.572207935805324,39.366364
-0.4429135434970383,0.8811782261829187,0.13790963613320903,0.014184131232912773,0.04957984683657991,0.003966365753349831,0.11973349754346763,96,39.7783524833159,39.609997
-0.6740475338638019,1.1646580711353718,0.14088269331144934,0.01619487449741376,0.13955969866878634,0.058516106649413216,0.1156709730515213,97,39.97614920658064,39.609997
-0.38068998523060066,1.109553583542569,0.14238506087865874,0.025324569892367706,0.050571869891867724,0.07349242036368189,0.12001806027315597,98,40.155369902742194,40.384537
0.5558907493067095,0.8832516133697614,0.02561523258467752,0.09033362149921373,0.10720914132875728,0.037255566004604196,0.13506934839211465,99,40.84933959561636,40.384537
0.5952908401427861,0.8226629149913989,0.014528051059619638,0.002271654146462436,0.10653944823830919,0.036578991828729764,0.12723141307221075,100,40.719817636610045,40.56818
0.9308902923351842,0.4676610760646621,-0.19421787181740713,-0.027733927620710645,0.017218076058072906,0.006400803564260845,0.11403558947960447,101,40.32896836119421,40.56818
0.8750014425705837,0.46048377580987904,-0.4138727230835521,0.02415413635875311,0.005207773703547232,-0.04429876098018244,0.10727710841266275,102,40.0286670759222,40.077274
0.23032113584131672,1.055500931265228,-0.39267246109563986,-0.03283947679907141,0.1851777944149234,0.004266242596878296,0.1265077145599979,103,40.190976203914175,40.015453
0.6230641379864532,1.0620595498457883,-0.10465256034411698,-0.10816077770433974,-0.06078887614792011,-0.0006970583349667781,0.1232678940627329,104,40.54880663249417,39.959091
0.22077761517019015,0.11695701342601135,-0.050389818269533176,0.011563554023013355,0.015918685751121937,0.06511199299315296,0.10586290230748156,105,39.500516268531946,39.488182
0.10911241941475207,0.051363965795479465,0.026691883678536945,0.03158881419888776,0.03734654427611185,0.06846182784518327,-0.09527938098844549,106,39.244000397350995,39.488182
0.4844131429481906,0.5094744242233169,-0.2905789073943048,-0.03203662302501227,-0.04243659823836068,0.005383875999907892,-0.15033597591063902,107,39.49859766173359,38.979092
-0.17748516988124471,-0.1955452358957425,0.08726919479997114,-0.009076893981825946,-0.06331950248839155,-0.043359023206451526,-4.048281529737687,110,34.56491616273918,34.828182
0.18359992745124692,0.15810129569684922,0.1451386963270195,-0.005829624568907703,0.09416368714094119,0.12334350052170333,-3.4845355518992376,111,36.228696253800145,35.920906
-1.3393430435843108,0.28631168361200054,0.09098882854982188,-0.04350916968549466,-0.040348176393021476,0.023060586524455886,-1.0516779544949668,112,36.94019707765896,35.920906
-1.5882449552676174,0.2288241927787502,0.07665347748243231,0.008564009937200282,-0.0025626018176979886,0.013977534138022813,0.08008672517602199,113,37.83201270555759,37.464542
-0.9523406532868992,0.6219783944158368,0.13093963023713656,0.019393180955322515,-0.06611546549961571,0.019048048009139073,0.11773045426173434,114,38.90534791222316,38.379086
-0.6364197697507571,0.7346349004147218,0.13239131125491307,0.026333002471012508,0.12743011521542422,0.07069341812160793,0.10738206453811083,115,39.577159365395566,39.530003
0.14930324161683584,0.7891563334620022,0.2679798057437308,0.015113564725036532,-0.05227560457193864,-0.06763552925299408,0.11953181232463397,116,40.235887947177844,39.824551
0.18505023991660594,0.7627478746808055,0.27711057890555235,0.014572577998751094,-0.06250454843751273,-0.10092077681575064,0.1205631000554732,117,40.21133336943444,39.824551
-0.3823151481780441,1.1040716748345847,0.1520236958542403,0.023177716924122724,0.041240671820436746,0.031842408952279994,0.1338333072025716,118,40.11858865054074,40.23909
-0.2941634231340917,1.0798073848216643,0.12998686807996918,0.02487557380403531,0.0827165034106464,0.07846599115615382,0.12331488521075111,119,40.23971810647964,40.542725
-0.41689485183535435,1.2527656859456417,0.14836402540937818,0.023513383334520327,0.1582144128982274,0.06426794287725968,0.12165373379036012,120,40.36659865555055,40.399094
-0.2536240349455655,1.2141932619520195,0.1398480464140084,0.026071648187895584,0.0921910090467042,0.06367610768947357,0.12475022220393168,121,40.42182058367894,40.399094
0.07704788211095961,1.075112721419968,0.23012812801345395,0.0024929907613488404,0.08001167423909118,0.044753458857724054,0.13193749070143884,127,40.65619866923447,40.137272
0.7505201423679246,1.116283677959756,-0.16594780217517965,-0.029986382346348768,0.05970682474745403,-0.006305871777304613,0.1259362032430147,128,40.86492111514984,40.137272
0.23152317719295742,1.045566732723423,-0.16623925179520263,-0.0864426808694696,0.1151938714334467,0.02000143808338386,0.14224216269898554,129,40.31655977259805,39.717274
-0.5722595116431123,1.136599329365668,0.015340661110677103,-0.01749862983754706,-0.07161928994993348,-0.03295854929168149,0.10924323219787452,130,39.58156156508246,39.609997
-0.43830845262357565,1.187011704078412,0.149583714626789,0.025210145398100202,0.17971825402498742,0.08438994040847496,0.12209915685705777,131,40.324418785900754,40.384537
0.39796971850187135,0.7602667190050865,0.10546516992800141,-0.029426997668913928,0.03983305762305233,0.004406995817066829,0.1335251294942826,132,40.42675411583097,40.384537
0.36270173959802526,0.7673270223068988,0.014235309632545455,-0.03744022491161133,0.06296302657608707,0.005610477177280753,0.14080362874305571,133,40.330915302252805,40.326363
0.024643228855200296,0.5684446463488747,-0.0417066633617762,-0.013225776566966762,0.17395987165083435,0.007835667938319257,0.11077774970451568,134,39.8454430476995,39.622726
0.8236937264668801,0.4558363316515719,-0.20551199358055963,-0.040078466475196015,0.013366230761730987,-0.07192936646370232,0.11318294729840866,135,40.103273732789674,40.077274
0.12353910914770902,1.0413311494870545,-0.15706166470708274,-0.055039521809557804,-0.07886375899951767,-0.0003139243540681149,0.12632382206743195,136,40.01462953396249,40.015453
0.3957592961720279,1.0988742397166849,-0.335630519855265,-0.030281198178179633,-0.0661698618390218,-0.01411707495662992,0.12334133797147762,137,40.18649054216164,40.015453
0.10481103794333733,0.12065785235109089,-0.09261277733493863,0.0032122256804612797,0.19923778817956986,0.01789854910093678,0.10289692474132145,138,39.4708159237923,39.326359
0.6320968989568987,-0.03254712320358744,-0.30720638389225724,0.018048972811123654,-0.04780126707253322,-0.11459733801488296,-0.1069148521170636,139,39.055793230598226,39.488182
0.6304106081667499,0.4017641964894808,-0.5234486621678425,-0.011395847219996718,-0.009342305968999778,-0.03977720976388363,-0.03950586453770094,140,39.42341923812832,38.979092
0.1613185088494713,0.4545831503789605,-0.3017757647374169,0.004699550408368236,-0.08505379197959241,-0.02700297933877622,-0.045780023604646836,141,39.17570297310689,38.979092
-1.8274765104033937,-0.030905130637581067,-0.0056521716452533855,-0.01296964121916207,-0.13365467031460976,-0.1994573477385765,0.06600091470183171,144,36.870599765873756,36.406357
-0.1576613470389218,-0.5842082466893076,0.04274322679516301,-0.015309648755236743,-0.06182603273166643,-0.03354956105756692,-3.7512776674560158,145,34.45362504619699,33.75182
-0.1858762180758683,-0.39942515648860616,0.08384754192541911,-0.010233798837078156,-0.05591050701607581,-0.04789199557387525,-4.1269652611358625,146,34.27225892792857,33.75182
-0.25125160433387816,-0.4248854735336413,0.08384754192541911,-0.010233798837078156,-0.060872707591071364,-0.0531121281808531,-4.189272905095139,147,34.10893324748427,33.606369
-0.22871528380953987,-0.26011769436587445,0.07629932396564933,-0.010429889979755958,-0.06493459587536575,-0.050741958687907665,-4.0694749162852455,148,34.406599308092495,33.606369
-0.44416600691657226,0.41590968270737183,0.09216281454306874,-0.019374955173785288,0.052385087509300675,0.03526529781443101,-1.6290664096722087,149,37.517829833942095,37.464542
-1.0698588997928629,0.11465630189622521,-0.10656619236347994,-0.03820059632236508,-0.04211791522780388,-0.007535389719911697,0.06781277091255723,150,37.93290440251288,38.379086
-0.8272357408114002,0.22356689516048048,-0.10796374591390002,-0.04300833467184122,-0.025955480704780265,0.0064038870533310805,0.07838631993064113,151,38.318908123173046,38.379086
-0.840463546565925,-0.18745100930922878,0.10360432607987863,-0.021215929956420316,0.0031843934511541754,0.025775547306990373,0.06290626265777531,152,38.161054366794765,38.786362
-0.8649898057856694,-0.2938175379661052,0.24520746870148963,0.05583447515850787,-0.08688872960675312,0.038616548782542746,0.0685740748597689,153,38.17725081727429,39.824551
-0.6094927052149313,0.7479204711976245,0.24657186341749268,0.06399218740439806,-0.1403526907395493,-0.04607394277857093,0.11724329595483114,154,39.394522802371824,40.23909
-0.4733011968224316,0.8696879165761211,0.26267751633856906,0.07245261467619729,0.0007769151630926703,0.0834674116251042,0.12975577400246602,155,39.96023127468964,40.23909
-0.5368853769418606,1.2432059722798603,0.14695926311972143,0.0210096167639486,0.23404095845460793,0.10150808004200214,0.11955491833954406,156,40.344107755188304,40.422726
-0.376308821060654,1.1545295478017035,0.1420003836612736,0.025173911814789826,0.1278178712587379,0.078263529207456,0.12276856886528824,157,40.28895931467909,40.422726
-0.04299021055864293,0.7247675709396549,-0.22985521059677802,-0.0016105527349382731,-0.13423456469529768,-0.007910793404111369,0.11798157737198788,160,39.44086213945242,39.52272
0.44866614493985363,-0.07870209529287026,-0.0911728580076776,0.02332607987887181,0.039005159156344685,0.1580479017220844,0.09038020744543394,161,39.60426486297255,39.913635
0.6031072629513472,-0.055814895164511553,-0.05914215841499568,0.061063823250703086,-0.012053230482878973,0.14711833075388492,0.08916461130133019,162,39.78815806732537,40.355457
0.15285205484020423,0.7920884490341917,0.1645785396173497,0.03807960807923478,0.03041776857766973,0.015496018419499087,0.12301281628198524,163,40.331239577980654,40.355457
0.5654133072123626,0.6341639007508003,0.07510141691344654,-0.03795613495272933,-0.02829631015829592,0.020236417436698472,0.12443167139834888,164,40.36780859173114,39.89727
0.8833066934346963,0.4505756938392715,-0.2647906591426496,-0.040764446071381966,-0.0045608046969410595,-0.07227938030263739,0.10858496135580076,165,40.07478638154666,40.137272
-0.5552873093704521,0.4511921176408661,0.11690686334147851,0.0023889972226905963,0.026473952082351572,0.080634701093951,0.09819807514463116,166,39.23522172028602,39.717274
-0.6630915663528786,0.709213103791694,-0.1066392454596536,-0.052663440859249955,-0.03467179029819806,0.0020669478324206255,0.08979487618649391,167,38.95872320797115,39.717274
-0.6054966303026265,0.846987978765896,-0.053979776105749,-0.0004882058878720066,0.011267980484045844,0.030385312830823807,0.09973517658208043,168,39.343126159497096,39.902725
-0.30402740252294735,0.8835585230186626,-0.037208866103954165,-0.027658971633423242,0.018364299109099036,0.03238375041994937,0.11983762643543122,169,39.69996328185334,39.902725
0.044756267320881414,0.9172791094764936,0.0480916941105882,-0.022111394927991756,0.025058695983950607,-0.01073569497565234,0.1342109836514582,170,40.15126398377024,40.326363
0.6657460414169273,-0.19322214262065035,-0.05606486862659963,0.005761307828458712,0.03878140833812949,0.10882484063778237,0.08674649005587756,171,39.671287400160445,39.622726
0.5977617800237008,-0.24234405288783797,-0.11374145597135912,0.03941958792482303,-0.059080633933254086,-0.08362014722309392,0.08581535022892454,172,39.238924751292394,39.622726
0.548842197225725,-0.2651910929026708,-0.0769963692768288,-0.013865550308395841,0.013944090912979034,0.024540137224561387,0.08448766286018487,173,39.33047539886603,39.224545
0.7105962517975932,-0.1638290492636361,-0.10178046165239857,-0.020313676018568996,0.05764129113516635,0.11386516670998893,0.0853840381300795,174,39.69627788396868,40.015453
0.5719704060804198,-1.0656402963885117,-0.012934665344975388,0.04376000063404059,-0.023808432152041637,0.017486834811395544,0.05654155045613064,175,38.60208972122695,39.326359
0.4579049210187946,-1.0462204546275302,-0.0028195390311851493,0.02028497273006027,0.07253661997633548,0.04382701484838498,0.05779821377678655,176,38.61802607182213,39.326359
0.5055985077555863,-0.7212202634021649,-0.070436931176121,-0.07505612768190506,0.0038966468101905493,0.05199836422163686,0.06340943635865354,177,38.77290395601639,38.702724
0.516729763281988,-0.7845172463110119,-0.07476558022064488,-0.03637429173415565,0.002270078644873173,0.05344842094228591,0.06485963651882953,178,38.75636510425265,38.702724
0.7876793405721068,0.42206300709624234,-0.017258433256080504,-0.042508361458337,-0.006386063362747159,-0.008945415030826548,-0.4622173583914318,179,39.6871410392994,38.709995
-1.558937597750375,0.018774036495628987,-0.00435487660624085,-0.009448288056098335,-0.1422411798743018,-0.17800541923208657,0.07481946459607859,182,37.21532046270311,36.406357
-0.8821698210416127,-0.08613245834782754,0.1259632519455562,-0.052454650668897915,-0.12984022113217517,-0.01985574365368684,-1.1011902770201614,183,36.869034403211714,33.960907
-0.2610839056681784,-0.41702874157739706,0.08785549491569918,-0.009845578928918387,-0.04307782068072848,-0.033065695679951705,-4.205778230775452,184,34.13268984473559,33.960907
-0.2671668874216839,-0.4319396140975878,0.08384754192541911,-0.010233798837078156,-0.061638631938398115,-0.055643909302742676,-4.204513386572053,185,34.067425636886384,33.606369
-0.19747312403820183,-0.14166402589836397,0.10933454029404549,-0.008819570866876788,-0.03127877354755811,-0.04821243572176936,-3.860107237822785,186,34.836493695529015,33.606369
-0.6798683635001205,-0.044541227984284504,0.0679371356009322,-0.018614936338502804,0.002130309825834226,-0.08618680687977613,-1.6814755096923217,187,36.57409492416227,36.342728
-1.0539336670610258,0.19641603810845473,0.0026813029383517986,-0.0005304461108668027,0.1127882994411785,0.020293085364549674,-0.31942938597600434,188,37.97299954983512,37.637272
0.33633019151190857,0.4580442475361729,-0.7576034049561211,-0.07837563830334678,-0.05207466277613562,-0.028856337530101816,-0.012544626507157462,189,38.879634092105746,38.379086
0.23698163440844627,-0.25629122760772116,-0.2762198256618806,0.010022912813230655,-0.0387286662911671,-0.10054203774037478,0.07920580360155868,190,38.669142916652596,38.786362
-0.8253237881024611,-0.09809625970638194,-0.07608533645953089,0.17208899580857057,-0.0011914733865332737,0.040753463598848634,0.06397708375442131,191,38.29083700863748,38.786362
-0.7475235706959846,0.719677811358032,0.251770578262543,0.06245996367468965,-0.021525995913787822,0.017631046812912023,0.11648482783359405,192,39.413688984462524,39.482727
-0.7630935671202019,0.8100847498299358,0.25870112728414413,0.050740306535871735,0.010559830994375604,0.09016080138671008,0.12813464887707587,193,39.60000222091842,40.23909
-0.537461262578141,1.2172600741065573,0.14439746873767803,0.02037645682863811,0.17951067695817835,0.09933691074292621,0.11830591679910983,194,40.2564405647254,40.422726
-0.4624619833027714,1.1581223271145895,0.14312063352087648,0.024007920567710145,0.14248774357487626,0.07985952609776303,0.11930805692724475,195,40.21915854763077,40.422726
-0.4091781552040562,1.073343615406597,0.11839527783933322,0.023450155989857446,0.09552201642464304,0.09829956040107271,0.11846992165996283,197,40.13301671564793,40.310001
-0.3786826738525893,0.7872475660138658,0.1271149679337489,-0.0448341504394293,0.20144202119823537,0.04516814313414987,0.10426018455550524,198,39.856430381674016,39.915455
-0.5096304039981107,0.756422277692652,0.13209514315912166,-0.0037079373223712466,-0.03923365861875448,-0.01802484853698717,0.10647920530558887,199,39.43911410081166,39.52272
-0.27238538188457817,-0.08248746206737241,-0.03716098841559486,0.03644852394409237,0.044574285673061334,0.04674291805174528,0.10392774517270185,200,38.85437396360457,39.52272
0.07386252294168738,-0.1415488398013768,-0.1366630115518871,0.008882833699077317,0.0051652706721339375,-0.00986857069964772,0.13010901758155377,201,38.944653545972045,39.41
0.7634258968679289,0.5549176521227449,-0.20510698259559662,-0.02421005081074898,-0.0009147833704750424,-0.043489515501761895,0.12351050396902928,202,40.182847043811655,40.355457
0.8138988444149893,0.5625635051212811,-0.1863686156784098,-0.06702732795754221,-0.03750078505337021,-0.09064550147750346,0.11412872982189796,203,40.12376317232189,39.89727
0.8635312219223257,0.43299325231626645,-0.19506747412479677,-0.06971406198153322,0.002839401573851854,-0.045782249403848826,0.10968931096696809,204,40.113203724399725,39.89727
0.760640542107012,0.42121900887053987,-0.08451888313072434,-0.1287444301893448,-0.04335681324386464,-0.0056051784384233685,0.1120223464303098,205,40.046370915536016,39.166363
-0.6527390405250313,0.7554959146112127,-0.09183638167348869,-0.053467452044852926,-0.02542775304666838,0.012937102158206515,0.09264889137868405,206,39.05232560398859,39.166363
-0.8277745303124363,0.8675672661173655,-0.03711984990855969,-0.009470516598005898,-0.01152411286332214,0.004935628071858852,0.09650820283492846,207,39.09783641047237,39.902725
-0.3482685139558081,0.8439084127953954,0.0376647573064041,-0.02368392053473796,-0.06261948074176521,0.042814711580931634,0.11034549804584796,208,39.6148757876268,39.902725
0.19968058878486558,0.7155434836795961,-0.11811135924600961,-0.05102304341131962,-0.10910539038557539,-0.015188370858864951,0.1256557264627633,209,39.762165958156004,39.699093
0.5532637274968719,-0.4101876752623186,-0.11873936238885013,-0.012352284822700113,-0.08894011840729808,-0.09729195343903782,0.08225133618809263,210,38.92271799249528,38.709995
0.6308858502932878,-0.204429582897552,-0.10692421759091894,0.001345902437838873,0.05997266968998234,-0.049326999292882284,0.09048426929377065,211,39.436722215064016,39.622726
0.603001523024826,-0.31137257675456875,-0.14587078320810923,-0.02525865981268408,-0.003650839376320911,-0.0076186124676152845,0.08174070620603494,212,39.205685080742036,39.224545
0.6362456435360648,-0.16651556834569234,-0.06649676625132483,-0.04363134441911495,0.03597803122926525,0.08950997967970935,0.08540047441619068,213,39.58520477297559,39.224545
0.552088908893639,-1.1233392086933014,-0.04840108622593989,0.026660994858227087,-0.032064010669723045,-0.008334931053920719,0.057286245639536035,214,38.43861123587904,38.597271
0.37762152980474745,-1.0999360955452029,-0.06580444759443996,0.034711914330863555,0.04561949733554676,0.04520345336799482,0.05624017623503831,215,38.40837035106504,38.597271
0.5070917291088628,-0.6756975748465593,-0.12707925149681443,-0.036891212672964385,-0.04992522148027986,-0.006508864234750711,0.06437122940107125,216,38.69007515690905,38.702724
0.5026979498436605,-0.6678063789186951,-0.07266046627969902,-0.06568242730593274,0.032694215332508915,0.011052246305159715,0.07017405808764046,217,38.825183520195154,38.702724
0.18042136554810206,0.3382056811775163,-0.16306120446181746,-0.018404710637580046,0.021754955407089764,0.02855214862252862,-0.5069811873057978,218,38.895201371480546,38.282726
-1.4941932299740304,0.33234801794405444,0.10599056500610418,0.008144740027763388,-0.15401541582461176,-0.07692259949534107,0.09706134891030853,219,37.83312774972477,36.937275
-2.1206344846910667,0.2941214763623248,0.058100688473150336,0.0029431219931806063,-0.06794712495307742,-0.2117045831290658,0.06704928393514575,220,37.03664270112112,36.937275
-2.2370509895468897,0.24372138087494505,0.12447939782906826,0.012997632908763596,0.025339385128820356,-0.2598819443776858,0.07417449326496997,221,36.998493679212515,33.960907
-1.5184159177672814,-0.48078691028867504,0.0639609731223787,-0.048739466071041224,0.030872159664772122,0.014455270807765269,-0.6507889189339033,222,36.42527151366449,33.960907
0.4810109678024951,0.22046715307283923,0.19609310659375326,-0.009732313077291856,0.1444099920231159,0.11419522194486491,-1.9748380014112987,223,38.18632045007899,34.366367
-1.684843678581967,-0.04997036584334587,0.13663902847296283,-0.04289673308246382,-0.10296948016426823,-0.08094823418117482,-0.7197067593026751,224,36.47001810044753,34.366367
-1.5835041563051993,-0.006979945913774317,0.08444492816360827,0.02890368936679658,-0.12452725749643702,-0.013592621181069726,-0.5214647455454071,225,36.877994214219015,36.342728
0.10461322283077712,0.57828452914749,-0.0075639505918058255,-0.05790915551992403,-0.10476631309132219,-0.01769438400629029,-0.5046519318733483,226,39.00502634002609,37.637272
0.10666080039687709,0.5316970380311675,-0.48435994698679885,-0.024128168142788727,-0.07167989372095274,-0.008501934371617607,-0.49583190431223156,227,38.56857031402416,37.637272
0.49129267850927694,-0.46884214851924394,-0.1883145812333639,0.012629308971037432,0.014408165764385849,0.07406237403051054,-0.4879127562653268,228,38.462037364387776,38.222729
-0.06293933347684963,-0.2748798839939909,-0.19236701846622867,-0.028184240265729903,0.044350343881158286,0.03095117923857736,0.10714821750436755,229,38.63879358755182,38.786362
-0.9738456966631928,0.7320965631389528,0.15019919756421496,0.024604188871431187,-0.018759399621122417,-0.0032061414243317802,0.0983888846280322,230,39.024191919624485,39.482727
-0.7542820288622986,0.6160982822871819,0.2629745067427511,0.0612220621646532,-0.004134779818946431,0.017054359151994224,0.11478728818699,231,39.32843401298283,39.482727
-0.5982153012777921,1.122580525247193,0.13628582939730557,0.0197665780033051,0.13394024191627202,0.02752256438135434,0.12481282034719303,232,39.98140758114535,40.033634
-0.4693332092504679,1.0850756089621252,0.1263935209640453,0.01826810167159955,0.06347390519488819,0.03338151168426944,0.11914879091094109,233,39.991122553267914,40.033634
-0.5851809862444362,1.1065304854150462,0.13694899368612765,0.019148992841428868,0.20867856125336592,0.07863104252243965,0.11437041251360346,234,40.09384182511806,40.310001
-0.7690881392523545,0.9352431302110267,0.12000017396554716,0.014106367858515755,-0.05518401747981598,0.022325470139860335,0.106717626507791,235,39.38883493508107,40.310001
-0.42255860622887675,0.813614525893421,0.08965579573402803,0.03823265249082369,0.15296596725364522,0.06936739538294091,0.11393367858503918,236,39.86992573224153,39.868183
-0.2821697687554881,0.8129519720141675,-0.1120101634428706,-0.012676825961975073,-0.00912900561816031,-0.06148117719167771,0.11496914572424823,237,39.46516849989879,39.313633
0.01126340971850462,-0.22491664835541567,-0.1184911900006288,0.026986387028764262,0.03425916163816982,0.09687712841180068,0.10949210927428656,238,38.95018468084601,39.52272
0.5142240434107346,-0.37351086296800073,-0.08226222161968995,-0.037346595500463514,0.0265207709380934,-0.08348215186446281,0.0863629023458899,239,39.06522020787258,39.41
0.5290482664521826,-0.8494666860457569,-0.10784834894062069,0.050175682300074,0.008635930461117476,0.009343110182666852,0.056591567740206294,240,38.71119384528037,39.41
0.5190982632075462,-0.8786613901073252,-0.1320583331547253,0.05942455095841889,0.00761404721292623,-0.016327871210035122,0.056175770067240303,241,38.62997936010454,39.040905
0.6540869916974039,-0.5178663239529664,-0.037694601793774346,-0.00024864519373810035,-0.017199140162389957,-0.02384675078173578,0.07702906136030181,242,39.148974914303594,39.040905
0.18928342381078,-0.6482237729918512,0.11551451668707527,-0.024340256746737104,0.016725530104544854,0.07395351469229311,0.10086208506542875,243,38.83848936375206,39.166363
-0.6876804401417176,0.7341934699973716,-0.1609934320929708,-0.024085762048948186,0.009245077578640777,0.0015344931974906907,0.10010434298207223,244,38.98703207260246,39.166363
-0.9520306392551774,0.7717690729386487,0.04211098620221103,-0.010104804839671485,-0.04902232735333375,-0.03478291420808223,0.09571947376584453,245,38.87837317038096,39.071819
-0.7605945782285317,0.6914468716286999,0.23975854781448552,0.05179929789877939,-0.0630994288046118,0.023011380418901727,0.1160347987416447,246,39.31307121259989,39.071819
0.6543557565454143,0.8251778045236314,0.08734314339667311,-0.04048657508595109,-0.006273531633647356,0.041949195586279506,0.1349841501071633,247,40.71176426657006,39.699093
0.5153254137216199,-0.7987056309044672,-0.11740907093743705,-0.014972566095004147,-0.06141203650155103,-0.09310566183307266,0.06267070451180409,248,38.50710547509237,38.709995
0.48603566232399065,-0.7792507910010597,-0.056041843480477485,-0.044496082720676976,-0.03823107928960304,-0.03068142803148029,0.06967403474401941,249,38.62172279567519,38.709995
0.4930978495065119,-1.17923102991694,-0.14866143610327787,0.033383317722211175,-0.021684000897146075,-0.08139957752080654,0.05294400347590546,250,38.163163449396976,38.277267
0.5500489036929769,-1.186294180092937,-0.15892435554250045,-0.0027738773874600893,-0.004354356204421034,-0.02374892623685553,0.0529690887106852,251,38.24163662007001,38.277267
0.45785467081257686,-1.024363709001873,-0.1440416188776647,0.0403147819067638,-0.025297145493036743,-0.04653221103007914,0.05350835294038723,252,38.3261574443876,38.597271
0.4326053711205982,-1.050165868873903,-0.13997496069844131,0.012459913253162924,-0.044845971862363276,-0.04685828189550771,0.05347418106777465,253,38.23140870524184,38.597271
0.4322156654220982,-0.974898689912535,-0.056847301254992204,0.005442257454517501,-0.016950004436677546,-0.08207891524474692,0.056263922850334894,254,38.37786125800847,38.200909
0.4967780549291926,-0.8515982545192616,-0.04056039605665821,0.05285961968965418,0.017680974380037656,0.028482005272348704,0.05873491991946001,255,38.77709124674524,38.200909
0.15355148440278826,0.5087954195479808,-0.043149051941505555,-0.054355117979483336,0.10860106940325709,-0.025096274796055612,-0.4634408975527369,256,39.19962095421477,38.282726
-1.4293876831193866,0.29622789944443495,0.06844646948597052,0.004082651438808677,-0.01737350620989326,0.03237711027570551,0.08404766604352762,259,38.053134930489634,36.937275
-1.8559997733431222,0.20909337890282662,0.10827710904608465,0.010669828279628675,-0.09387668529156702,0.028911283615224753,0.07271646634202111,260,37.4945059306816,36.937275
-1.8613829764011924,0.23973781623368903,0.10700277160078317,0.010806252005998775,-0.10467504228998158,0.016418145298787084,0.07251994106958812,261,37.495141230648194,36.517277
-1.3581302232672587,-0.3878189811642937,0.059783638620213686,0.004027277485579778,-0.07926700309259317,-0.006591407022905233,0.08198213264247572,262,37.32869975733172,36.517277
-1.333284175553402,-0.3580623312320561,0.0772771971379238,0.005403192363437733,-0.0045240165475284415,-0.01633057135606736,0.07776235205621178,263,37.46295596999901,34.366367
-1.1950425851950344,-0.03823362270784535,-0.31538369717709247,-0.07299444830944571,-0.056141173050171446,-0.026044589699349054,0.06678393806495583,264,37.37765814505651,36.311821
-1.6958867958310526,0.049218084686115555,0.0887952419953827,-0.013720686232812878,0.049538048864127035,-0.12527459294395724,0.072986792900997,265,37.44037041656929,36.311821
-1.33644854675304,0.5310545822029984,0.10415753595118839,0.01357764998472265,-0.05514467305293168,0.0436468970011496,0.10177373469896855,266,38.41733150316354,37.309998
0.06347695008680904,0.56250259205619,-0.45404453225779934,-0.030419765615082354,-0.10576236298203659,-0.07462214004130713,0.1175982069408998,267,39.093443271318215,37.637272
-0.6682967135129106,-0.2081315915355619,-0.024371962708003563,-0.001893242429950365,0.08906434253738528,0.05171462110552178,-0.39455447323323556,268,37.858245303353726,38.222729
0.43366036192288787,-0.43580159400836543,-0.23563445092436347,0.005453604445248415,-0.0005981519493675446,-0.0393478159274947,0.07496605206095425,269,38.81741232874997,38.222729
-0.022310146919376658,0.5761159609306112,-0.49274035138606703,0.00339899319161718,-0.04697558413326893,0.017443809322482774,0.10895156320537294,270,39.15859856734185,39.408184
0.13234369570338705,0.5801441146721079,0.044718374370524054,-0.03905343373357004,0.025301913643904467,-0.0373343305228149,0.132547717054255,271,39.85338237431828,39.408184
-0.4825007753093433,1.0841587475078267,0.13503997573613227,0.020466441407765462,0.07599518306051185,0.06519005995141451,0.11934691890237116,272,40.0324108743872,40.033634
-0.6203627693943007,1.1157790944131385,0.0795709881241058,0.00903817808566476,0.05862362114861269,0.0339810958732383,0.12342957344885673,273,39.81477410482981,40.033634
-0.540806935706708,1.0212784437293227,0.06299385886745355,0.01975512913487422,0.0056179991189642545,-0.031408794043523675,0.11511028704021146,274,39.6672543112711,39.960911
-0.720634027437856,0.990741983598412,0.13766671244156506,0.015526370385196067,0.027111393930915082,0.04994335854815414,0.11203593070726166,275,39.62710604530417,39.960911
-0.9561162309783064,0.4912842875542068,0.10292094296450442,0.019289860436848202,-0.03726449515103571,-0.019977766334603946,0.10236775515913325,276,38.71721867678127,39.868183
-0.41905020383332936,0.8032810841542273,0.06640046955003946,-0.020085501640088366,-0.02805634695119569,-0.05253136329623855,0.10797780914064971,277,39.47265027025458,39.313633
-0.49525897121516627,-0.21509763399668358,0.20328289381031533,0.06707680441345801,0.25337215081702885,0.10702304549155102,0.07618135600389311,278,39.011293968454886,39.313633
0.36170179043767614,-0.5022164591866412,-0.12001573285890021,-0.004590137295497859,-0.08401272212305058,-0.08086743152036723,0.08003321871569954,279,38.66474684929945,38.935455
0.32548949583240294,-0.7570118944948405,-0.17184398373499815,0.03718255207492418,0.006466730161359002,0.007444834944748772,0.05863442161776034,280,38.52107647953185,38.935455
0.345552177956749,-0.8108592479246542,-0.09243321614030037,0.052727826063084626,0.10348691533333557,-0.019146490099089062,0.05980003619744601,281,38.65384232451705,39.040905
0.34134591590738356,-0.49658955894040635,-0.17216149960286797,-0.002693462282043612,0.03621519650853832,0.0027129153419739338,0.0733645820212149,282,38.79690841208428,39.040905
-0.5150026854447385,-0.34980752919170155,-0.009876725116230759,0.01283765586609351,-0.02267857354377861,0.023200127346780258,-0.2852355200050887,283,37.86815107304183,38.160912
-1.1008912669294573,0.6582210609226674,-0.1350396190661493,-0.02041446293106128,-0.08784939825097583,-0.10256950101649832,0.08550067981316392,284,38.31167181567219,38.160912
-0.7635576203167842,0.6200643191963606,0.14913398138054343,0.039986196844070676,-0.025106732540252273,-0.006428241342673551,0.11155151264645213,285,39.14035773899821,39.071819
0.40502545340978025,0.661577010979179,-0.22040777853432533,-0.12437393820816899,-0.05212736221924261,-0.07079757641459272,0.12044587177868424,286,39.73405600392185,39.071819
0.06438868576348333,0.5764857215371169,-0.39660402187571,-0.03680596850372079,-0.09527150905700871,-0.002819706281769696,0.11509829306168913,287,39.2391858177746,39.037266
0.4459965196590195,-0.6944242746778465,-0.04050306771259254,0.00767590546095017,0.002038770572435811,0.08064275717559458,0.06631720029711319,288,38.88245813390516,38.21727
0.44225780906328394,-0.7556416593511044,-0.17622600554936815,-0.00528628812163337,-0.07114716268333984,-0.05143583815023585,0.06139234568775147,289,38.45862752402582,38.21727
0.5161404500765924,-1.1549006958441435,-0.14705599606846656,0.021594737193397745,-0.02063350637050536,-0.01938064919719992,0.05282832043825217,290,38.263306983358405,38.277267
0.4689628073488763,-1.1808504990200388,-0.20213338691852606,-0.005972403188089975,-0.004600367585520148,-0.052581963998008366,0.05088331165950303,291,38.08842182142866,38.277267
0.4552582365623509,-1.0850309262199427,-0.15112566742414663,0.01190175346788307,-0.04911680141139831,-0.04115555552309355,0.05286221396777733,292,38.20830757654995,37.997272
0.3863386095487495,-1.0864413911195299,-0.1504048578646018,0.016858984495519407,-0.06939916442008466,-0.07739215332752278,0.05244184836283819,293,38.08671619880588,37.997272
0.42698801913509365,-0.9576806719528,-0.1842799323779483,0.014982174347759461,-0.06550584125524819,-0.06907946149650472,0.04961437303565869,294,38.22975298256652,38.200909
0.4704834106490846,-0.9811379646513886,0.06888328368502793,0.004790636526192594,-0.0006416438556198645,0.04674985078034625,0.027655351404818795,295,38.65149724766895,38.200909
0.23898731568469794,0.5205328810793364,0.09345477154363542,-0.017578042317917462,-0.08317594339493868,0.001127112560591559,-0.5486401932690875,296,39.21942222501686,37.955452
-1.0127423053179643,0.8497658283084879,0.14119844391225297,0.01822050078398539,-0.05336614318331378,-0.006097601064100345,0.11463125947212455,298,39.06632430604199,38.500904
-1.4320500286717135,0.7005314526720611,0.12077840183017527,0.014672536159450076,0.12489696321360406,0.07997746734368302,0.08614735339682182,299,38.7096684690746,38.542725
-1.3631212715619818,0.7194355126617786,0.11643165536118637,0.012610679202190148,0.05653443828799799,0.07192034569370682,0.0902265657982588,300,38.71875224857366,38.542725
-1.0729537480094478,0.6623719411581179,0.11054400286220338,0.013606370870970963,-0.1367941974115601,0.005156623589062304,0.0973919774283709,301,38.69403729361823,36.517277
-1.5868587470497253,0.23717779818416848,0.07802275163019931,0.009511835593604316,-0.011822787463664285,0.006964631529297004,0.08230915176938307,302,37.83001895732375,36.517277
-1.7347590349028252,0.21048043684893272,0.0986692186187803,0.011236334418466847,0.01215220413776678,0.050813435699131555,0.07665741015698851,303,37.7399643281077,36.931816
-0.9570993675547371,-0.2973086531999188,0.07355365685853843,-0.059521204852907274,0.05901255059509803,0.0270593695356257,0.058258543881605986,304,37.91866921839383,37.031815
-1.3737963826978463,-0.29787933866922817,-0.15647741988637473,-0.08245863664964759,-0.05329179250684092,-0.005403292363269977,0.04634056037934935,305,37.09174802073667,36.311821
-1.3563336437573905,-0.274045370919331,-0.1130767815087642,-0.0686086150715648,-0.024045309166754802,0.0009275297924532233,0.04743022506016489,306,37.226962357559344,37.309998
-1.0140089167242992,-0.45303033881046173,0.027873767974799717,-0.07482130183184853,-0.03395392794636523,-0.0017066003237485188,0.05622895496730901,307,37.521295960435936,37.309998
-0.27482010284930247,-0.605406325980749,-0.09031175623357224,0.010228627635775964,-0.0356985836578523,-0.01411535810172507,-0.4268393281812985,308,37.57775149576176,38.033634
0.3974096940157846,-0.6745692648796471,-0.2291777028344005,0.03544411141968538,-0.03653256766298406,-0.0505081985968408,-0.3297304598098121,309,38.12704993478228,38.033634
0.45743831837556026,0.5770468669512437,-0.25037767435947383,-0.06352747478905499,0.010722740705874284,-0.05493121142024306,0.11771795155446974,310,39.80880384014889,39.408184
-0.16568824624557169,0.6177726358376731,0.20810255449697462,0.03864520399988404,0.10122822412667125,0.03340815288369091,0.12144431096581415,311,39.96962715919563,39.408184
-0.20429732527080383,0.8779179530433973,0.1502950041003167,0.04810630182460909,0.16293439626249007,0.07625207325944657,0.12063818290452738,312,40.246560909254505,39.97728
-0.6148096420429886,0.6980787985545329,0.05522701039113541,-0.00015852078842017468,0.00012073148229330106,-0.00043953358981998987,0.10077051853009308,313,39.253503685667326,39.97728
-0.3676339401396122,0.8183120837304971,0.11819675139833245,-0.03393069734541919,0.18650906626358726,0.06647125134310404,0.10731868692419055,314,39.9099575253052,39.960911
-0.6032303865566311,0.7842315980326129,0.18019876069806806,-0.006371340032158828,0.035523029816200674,0.07265564931439163,0.11047711926173956,315,39.588198753664756,39.960911
-0.9470373235088356,0.7837922221094824,0.09129661334060231,0.0012971651806958937,0.20459482509513727,0.06838009833827109,0.09611015393123595,316,39.313148077617086,39.746361
-0.8801146758487306,0.7173986897271425,0.09519654952581111,0.01627124643784225,0.08615147434677567,0.026888279227002602,0.10176214848500888,317,39.178268035031415,39.515446
-0.8300841349612036,0.44459236493581666,0.18812367668120403,0.0933039553198087,0.057468814970343986,0.043236937292494455,0.10510028380614146,318,39.116456221175106,39.515446
0.8059401369098766,0.5346333740765281,-0.21692441634829226,-0.050158417859831245,-0.03657834531506045,-0.07401056547543135,0.11510183501673152,319,40.09271792413501,38.935455
0.12572583206146493,0.2927201758587519,-0.5827903894423444,-0.045795970484888655,-0.06863091172557377,-0.03346274839273062,0.09532634157165709,320,38.797806652576845,38.935455
0.07977379827085929,0.4045997350632943,-0.3069372992821393,-0.0814003438854787,-0.07798921299330294,-0.007342989953619038,0.03331241253901102,321,39.05873042288914,38.626362
0.07428440846760007,0.28653515825018877,-0.3058620000050894,-0.06187192224363415,-0.11819713167609133,0.0023217093921179396,0.10379494438164745,322,38.995719489697244,38.626362
-0.7881624720710237,0.2215703091712957,-0.10781375556706721,0.023176994643226114,-0.06558001396962462,0.019111247391373067,-0.32628504114264306,323,37.99073159158605,38.160912
-0.44017279205776694,0.15006554648451687,0.07710027612124937,0.03726018600575057,-0.04491455066860332,0.013997392183866973,-1.5070930675974792,324,37.30095731360205,38.160912
0.02751174172246092,0.5887627262744223,-0.3269562225565027,-0.04497501787146979,-0.11490898012885109,-0.022491196878035,-0.40354391107216664,325,38.718113462620344,38.189999
0.4224759057982063,-0.7599388846067776,-0.1737885200581982,0.013206642916746553,-0.06012644853709907,-0.10746633828908254,0.06237924257729792,326,38.41145592293158,38.189999
-0.35049650871916294,-0.8396316259735296,-0.13727183704363058,-0.024133298869459405,-0.08955520049503538,-0.0534157331629687,-0.15161358562819788,327,37.3685965332385,38.624546
0.34069254877104677,-0.3189370975573143,0.06289289204226706,-0.04431001658621444,-0.033448429752348366,0.04998320979299193,0.08100014334491992,328,39.15258757318583,38.21727
0.5436037338383226,-0.34853686581232485,-0.14365049219634146,-0.03994471094203139,-0.03779157103328936,-0.023536345717345954,0.07930145800655661,329,39.04415952927405,38.21727
0.4070043293350093,-1.8989527900210508,-0.06425135075647578,-0.00873446245131415,0.008530281598288532,0.01537467703048467,0.04814691648937132,330,37.52183192435482,37.817272
0.3927324146162208,-1.6154632031038947,-0.16324498409593466,0.028426247582936787,-0.017465248306269523,-0.026515378450251627,0.04558226527695197,331,37.65876643665026,37.817272
0.34475765191047375,-1.1289937328815296,-0.2009921555020461,0.00756364420975673,-0.019587867255980763,-0.03763149097869353,0.05097593067162223,332,38.030806303304104,37.997272
0.38385278917512644,-1.1988755898263572,-0.10478300071452365,0.008925048247510437,-0.04977596313275181,-0.0347572353631994,0.05398456246759906,333,38.07328493398391,37.997272
0.3915105089651695,-1.1479652157525588,-0.066075466144601,0.010930946448276647,0.029658318960352915,0.03215478050859956,-0.23548990048971985,334,38.02943829562601,37.844543
-1.4641856469537573,0.5987609113133878,0.11214207274905431,0.012218133895630085,-0.04151167285731522,0.045690617364850875,0.08371723835669642,338,38.36154597699907,39.115456
-1.3499904250776589,0.6488007366257915,0.11080751630375407,0.011851716701162281,-0.05009130607259977,0.026365973306606578,0.08754450675081937,339,38.50000304166842,39.115456
-1.3282846527281884,0.6219796254640045,0.1170763519879963,0.012451855570493902,-0.022483017116626956,0.07518959207654702,0.08958989232295511,340,38.580233970707695,38.542725
-0.8947047229892666,0.8405377988814976,0.12059484427437622,0.014999059353526861,0.05367813353839307,0.03437347273384906,0.10788541548596012,341,39.29207832440887,38.542725
-0.8778203985457202,0.8915833296048025,0.1253548212287168,0.015643465107294217,0.11074915014542032,0.052592579579410915,0.10860776588690385,342,39.441425036137325,39.293636
-0.7266407941813575,0.7529015656420476,0.12807384038750444,0.013369810847655915,0.07647412039428031,0.02616093116082867,0.11644881803407633,343,39.40150261541556,39.293636
-0.666354614959843,0.8987658644987819,-0.011628497122211274,-0.011071754166778308,0.17329686330961336,0.06431646130072448,0.10879119752415536,344,39.57082984351498,36.931816
0.162020798963187,-0.4820149425530768,-0.31253243540111836,-0.02959078057132632,-0.062153395767386474,-0.17608112801388742,0.06919821390355382,345,38.183560653690435,37.031815
-0.6446471735627486,-0.19992151985871495,-0.1460614669760837,0.024023899786256814,0.008098649341523548,0.013485753546312016,0.07005119865441828,346,38.13974366406148,37.031815
-1.1924854480798766,-0.18419313007056057,-0.0009777593325912938,-0.01662910997063296,0.30140603600513693,0.10773585198919246,0.06333500333965347,347,38.09290576701083,37.202728
0.08862141106591397,-0.21928329369597482,-0.20523835975750293,-0.014242422177135797,-0.10534714261274918,-0.03367892326674779,0.11809411426631508,348,38.64363970695261,37.202728
0.2999050588287153,-0.8268108172398576,-0.12627871267977225,-0.028881798834392892,-0.05380640151936808,-0.04735550037364561,-0.11443971378397154,349,38.11704643752819,38.033634
0.0440985145779843,-0.6216482300440122,-0.12472167006431983,-0.01125104742225142,0.007043887604484845,0.045808496481848676,-0.42958844138772223,350,37.924455832876504,38.033634
0.5661720532107398,0.4840782097154082,-0.6942515985594028,0.06540041209028566,0.002749945891486681,0.02114388421266147,0.10342741912106199,351,39.56343464881274,39.842728
0.27693104891817805,0.65547525781652,0.2771342449718155,0.007708449074618663,-0.008515617757219754,-0.02076760684542105,0.13097298168977678,352,40.333653080998765,39.842728
0.11228285624817852,0.7938088974931712,0.1085460691787682,-0.044204050798384194,0.10544192988035744,0.04346187712300422,0.133039416746932,353,40.26709131900251,39.97728
0.5160730718603312,0.6484439759236365,-0.18672784389848013,0.06735411935379511,-0.04357432567545061,-0.01574532215902737,0.12508252656154573,354,40.125620525096885,39.97728
0.8076002826901723,0.6464232435774266,-0.18163102035705878,-0.0890122981890795,-0.009404617503785007,-0.03752602845688292,0.12019622340655992,355,40.27136010829787,39.864544
0.5760037779170932,0.7289184650258315,-0.2620428547522595,-0.060732057735482375,-0.03302705112892819,-0.03677059230259559,0.12473354242691992,356,40.05179755258111,39.864544
-0.5167984513319993,0.7966395779122858,0.033337049223409874,-0.010168914025660251,-0.12116193446697941,-0.06384155193668643,0.10118317472828921,357,39.23390327323315,39.551815
-0.4524391065960703,0.8664205067727238,-0.0075930687854920765,0.005939512017121856,-0.06172135107139579,-0.0630532083266228,0.10180731639446325,358,39.40407492353523,39.515446
-0.7606781936616391,0.39235355566766245,-0.09597071442330368,0.05434312759954016,-0.048386591273210336,0.019339649288000995,0.08113320407176519,359,38.656848360399366,39.515446
0.447010042644178,0.49355332765158977,-0.24611152984448784,-0.04650562139776894,-0.05268878395919122,-0.028899265335270874,0.11545915513066622,360,39.69653164802024,39.295444
-0.3547656864364752,0.5089709466942599,0.10756320474805361,0.00804128232901657,-0.0823586672287544,0.005979882359377895,0.10037876314067865,361,39.30852404873666,39.295444
-0.661234795584224,0.36032386786625753,0.16337868919036946,0.046390741625786366,-0.11894307649059153,0.014283050559389936,0.09200384046243955,362,38.91091664075992,38.626362
-0.8421360453844551,0.16971050644849725,0.12834080447040974,0.0096067614272491,0.0738675740989638,-0.0083282882455959,0.08599568708683615,363,38.631771323032446,38.626362
-1.2459647373332792,0.1711050740396441,-0.11508313984768123,-0.05214910594883902,-0.041401006359362995,-0.06089811240513055,0.06935388152404681,364,37.739677176799916,37.342728
0.00045576202387973626,0.07429195469791328,0.08943561764005217,-0.009611804980023298,0.1073560949477907,-0.0014535121551099096,-1.97667036689005,365,37.298518068414936,37.342728
-0.01065754276756611,0.2648556206746732,-0.073384746323464,0.014445580177035717,-0.08042361512509369,0.039217954173677724,-1.3674247248210474,366,37.80134284911872,38.189999
0.008458148437371216,-0.753277778234151,-0.2015480886695452,0.01151820673628948,-0.09234362517696795,-0.01686565511520503,0.07515404263926588,367,38.04580957374758,38.189999
-0.35655962910767985,-0.6612882374740955,-0.12952236389518812,0.03803585967214718,0.0227860253650658,0.050686896351858635,0.06425755329570591,368,38.0431104273383,38.624546
-0.7144821985560879,-0.464269232864527,0.20795826104091952,0.003067501749421234,-0.015031525538818034,0.1041937653832709,0.07061692129528153,369,38.20676781563996,38.373638
0.5545315113556671,-0.32566590548001323,-0.15782025107116213,-0.0618626176225177,0.004369881459266453,0.04661354849000504,0.07804045440216041,370,39.15292094466392,38.373638
0.4156687826538092,-1.6797655890601964,-0.1406883345384297,0.013237097127090957,-0.017331529514832994,-0.023361074504161028,0.046275995972166126,371,37.62874967126595,37.817272
0.199314400621512,-1.6932453376019223,-0.14839930535608525,-0.006754072889725573,-0.03241459695043255,-0.03559781637855247,-0.018157376192769366,372,37.27946021838252,37.817272
0.21268935354240603,-0.9882640256393281,-0.08750784529083282,0.0015293593513202185,0.01379364257450614,0.007960367109637484,-0.11238503190820164,373,38.06253014287,37.913631
0.27142784471232323,-1.084301668214302,-0.07585411174704138,-0.01520729304281419,-0.002011406162396577,0.043297063082948326,-0.20542200017325193,374,37.94664275158597,37.913631
-1.3872331944556744,0.9188162951843165,0.12453144750455945,0.014320443471636244,0.06633942780100208,0.10936930377182834,0.09641054434325079,378,38.95726859075141,38.675449
-1.1740671059436572,1.0265796503680027,0.12777245192310047,0.01331468909049849,0.061578169367283886,0.08651905204867869,0.10359476407848424,379,39.26000599406291,39.115456
-1.1103799874767872,1.0834748716377904,0.1283269824518605,0.01338613021547467,0.06594742523456106,0.09167057866156833,0.10546716548966513,380,39.39260748934467,39.115456
-1.0481748435767206,1.1183086659816461,0.12937227068027726,0.013388990551003935,0.07280320791584678,0.094752112497349,0.1072086275811324,381,39.50237335476109,39.802727
-0.6954511794122877,0.9701821392826062,0.1268008181724928,0.014256995168691075,0.0177122845841367,0.05125323555417538,0.10951021913161087,382,39.60897883561195,39.802727
-0.9107882543301927,0.8981286616756009,0.12364845867100682,0.014486587452045665,0.025832723982717205,0.004410481183118624,0.1084029443444131,383,39.27883592610925,39.293636
-1.1742107385845268,0.8642964182938335,0.08261508268111657,0.010375948429986301,0.1282475181277007,0.06217245806824682,0.09582741307812699,384,39.084038423225024,39.293636
-0.8643693301594714,0.853954637688149,-0.08104797614719278,-0.05781808806264174,-0.02549118541321767,-0.016811068259845626,0.09444678786584211,385,38.9175781006421,38.530003
0.16497469645693863,0.01625379806387114,-0.40912449609432083,0.016167218822394046,-0.026365857213188498,-0.063118189189659,0.09863959756597077,386,38.8121410915425,37.560909
-1.009724020649894,-0.129160075876631,-0.07126773445888912,-0.03934235529186171,-0.053722466892437384,0.012401785840230965,0.05955946707871775,387,37.78345892287975,37.560909
-0.7802129370315118,-0.71215427558428,0.0300287815866601,-0.012735969023663756,-0.05262850296634314,0.015651151107444004,0.04555829011825874,388,37.54822086133706,37.202728
0.3314938331686559,-1.1275022684720792,-0.33907964199357404,-0.060941894971647335,-0.07672180077816608,-0.071405266984957,0.04489426274732993,389,37.71545154584603,37.202728
0.30196142446950625,-0.4774177110288325,-0.1636880461221306,0.022963676166096444,-0.049581896644165326,-0.07550961317305022,-0.37116428222066783,390,38.20227787457728,38.25182
-0.1717207007987423,0.04686173596615627,-0.0885237423483756,0.017537632558358444,0.05590569658199451,0.07406516112213633,-0.9352649650820515,391,38.01357514113002,38.25182
0.5652782779180736,-0.2111686275233287,-0.1679879627701254,0.04026230754587802,0.04348630102869915,-0.07858644297395746,0.0871152085835253,392,39.29311338493924,39.842728
0.23323412435158505,-0.28610522022808327,0.20922818016201253,-0.003566844497207076,0.17372678231955754,0.22335868712284335,0.09730371463788838,393,39.66189374699909,39.842728
-0.4793338199531144,-0.4239556694816666,0.07311000102036078,0.007249682123819225,0.007919516245941506,0.03542800489953016,0.0953438311237623,394,38.330475869109144,40.262722
0.7294445755454648,-0.07813935447228122,-0.06653137646251446,0.0779812908289701,-0.07046127107949174,-0.06632730085637942,0.09598546279069688,395,39.636666349424964,40.262722
0.7112077728752491,0.08622764176438923,-0.15904413317440388,0.03375548428466685,-0.08227065793308128,-0.09216557807001267,0.09030797835211467,396,39.602732831229424,39.713634
0.6999253731109601,-0.009081535657473957,-0.08549320916230972,-0.005113521970069066,-0.0802869001805606,-0.11336727927502967,0.09500850583314874,397,39.516305755829165,39.864544
-0.051674579527462225,-0.3397056240362407,0.03194108291355607,-0.04259737180631519,0.05718186847297457,0.09138267604791059,0.11510066610464137,398,38.87634304129957,39.551815
0.6087759812601676,-0.18882693838693346,-0.09225314829168475,-0.05513453179672741,-0.02484905621401888,0.08196857580130325,0.08528716504248153,399,39.42968237054507,39.244541
0.46571280560877554,-0.5246201323584784,-0.0882778554091146,0.010123833635284228,0.01027195370171812,0.08487234242043401,0.06938190572980982,400,39.04217917645894,39.244541
-0.026743374013935686,-0.5376419670850036,-0.2069682074022497,0.12643704834128958,-0.08638328781362808,-0.06706210053849145,0.09206843310520901,401,38.308420867723704,39.295444
-0.5842291192088538,1.0174916597746388,-0.14467834758917392,-0.03170331073238207,-0.0007045636984882919,-0.06332967654316424,0.10216491558315273,402,39.309725880716215,39.295444
-0.8625595267414233,0.8654734815199967,0.12531316587497163,0.012633360250577557,0.022379796692767417,0.039659508882293575,0.10329431899749325,403,39.32090842860719,38.959091
-1.0369842745422924,0.4505316926416096,0.07566916642510522,0.006570271433285227,0.11871797611598225,0.07587950072219297,0.0926964990412632,404,38.79779515496766,38.959091
-1.5568701468939434,0.3644632195630432,0.01558898022629338,-0.00812901371878269,-0.0960231509080005,-0.17449074244930582,0.0776885382736386,405,37.63694200722345,37.342728
-1.1622366198804606,-0.18702455702080895,0.04527846549019578,-0.03744376140453908,-0.0367639576852683,0.0006101084946426191,-0.2760087120898969,406,37.36112528903437,37.342728
-0.7062109468281782,-0.4754462117551517,-0.09943701385481105,-0.03782672449541759,-0.02947328550139298,-0.04209991787543714,-0.20260425262857676,407,37.42161597019154,37.340908
0.20860754410827537,-1.0864946293319515,-0.20380726902046536,0.0015549109097633335,-0.09480912151498373,-0.05086440760556335,0.0520252902782405,408,37.84092664095386,37.340908
-0.07878553881028849,-0.9196330328697866,-0.09120100531734963,0.006393995750038589,0.03244418895548379,-0.006577289709290974,0.07013939356237167,409,38.02749503469165,38.146358
-0.02641758529490429,-0.9036472764771836,-0.24108859391635884,-0.010021971275108262,-0.11041545689309157,-0.05170250532491698,0.0715570436417896,410,37.74297797759075,38.373638
0.21342826337431742,-0.9043016781446185,0.040828139844148466,-0.0058904986240938175,-0.007194660936068559,0.06569213420300078,0.08449209419841222,411,38.50176811704563,38.373638
0.20002938682535937,-0.8183684676319308,-0.21019638178588035,0.011235430205932026,0.01765233075952215,-0.005863672766550666,0.05563849806900193,412,38.26484144680592,37.831821
-1.190142789024102,0.40547658837964706,0.11824785406847468,0.013331151472090798,0.01077561782712403,0.011769563499028806,0.09147120281365168,417,38.47564351216642,37.710003
-1.6411080506115336,0.27456496577235295,0.10939265719792039,0.012451465540113,-0.0020149660654037505,0.02294902918855678,0.07611051306070643,418,37.867059937213206,37.710003
-1.339149992635709,0.4820599437522294,0.11719796985604065,0.013006677882789893,0.06462050105281118,0.07356558488168649,0.08782991804611225,419,38.51384492596646,38.675449
-1.3294274396805514,0.9468316068708499,0.12501801869157245,0.013552614165088123,0.06247192100513326,0.09283739500647115,0.0992566842642598,420,39.02525512345332,38.675449
-1.2154294815103046,1.0127953378795962,0.126911922137006,0.013674723964940344,0.06187915283661828,0.09282690392695944,0.10244126275301538,421,39.20981414511834,39.691818
-1.1094351003302287,1.0966963081973344,0.12769060132010387,0.01356790070111213,0.07112824422238169,0.0900977492211038,0.10501322994821621,422,39.40947325641055,39.691818
-1.0882032300451028,1.079352676528075,0.12754512882739497,0.013733339790103044,0.0874731757382324,0.10090955879040815,0.10589208102777796,423,39.441417053787426,39.802727
-0.7034679606920523,0.9657204100117636,0.07156494746688781,0.008153753564763533,0.05206271821865562,0.03744819012768714,0.11130368681962911,424,39.557500068647904,39.802727
-0.65185946176446,1.0093076533759895,0.055600819760184834,-0.007354442899556908,0.1363903034597357,0.03302856830972848,0.10483300666865708,425,39.69466077004083,40.235455
-0.576371120892033,1.036338882221122,-0.07473974094083323,-0.0715262262470556,0.13722337528462109,0.032910964377606794,0.09915187816609855,426,39.59770233509998,40.235455
0.09488799821601591,0.9791376146635252,-0.434317873029154,-0.032961380053961736,-0.07448147410734132,0.0003026017610551359,0.12111003788783956,427,39.66839184846851,39.050003
-0.09873271545414387,-0.07392644527252475,-0.4089392902903865,-0.029095578818625668,-0.08043246737974055,0.002021141676090467,0.09353390931346617,428,38.419142876904644,37.560909
-0.782905518246683,-0.15613701083525355,-0.17049439234049432,-0.048391861018545715,-0.0644681674614758,-0.008306873586463507,0.061422824238038,429,37.8454333238796,37.560909
-0.047205459153722165,-0.839705257704424,-0.09824927636797476,-0.014944550265070246,-0.010838282043360592,0.01997474472954496,0.07658579600213612,430,38.100332038327664,37.677273
0.37567499041834124,-1.1183984274825907,-0.30235189048819805,-0.06084458297785774,-0.0577452323129737,-0.07106214395962172,0.0473948638108517,431,37.82738190013843,37.677273
0.12283233030445442,-0.46253254939688876,-0.1908569616285375,-0.022240886151907578,0.0018206800555794307,0.017943591180874883,0.08852067286310472,432,38.570201200357154,38.25182
-0.47070604128708093,-0.009042741195571588,0.035220076681054105,-0.02482960165747519,0.27441162472499353,0.0696282117882929,-0.7477903600043451,433,38.1416054921804,38.25182
0.5989962140141774,-0.14084957427284622,-0.1903980055439481,0.04551607303572192,0.07881340707357407,0.11775614277138764,-0.03721461075339225,434,39.48733396945517,39.766361
0.37952342154618224,-0.11048292218040148,-0.18201188813061372,0.07189458807773255,0.05822784166983706,0.07932183922654513,0.08353115381172853,435,39.39471835715153,39.766361
0.7156337972059444,0.12715123098460424,-0.19345078734175652,0.07013787224493698,-0.054137046498349356,-0.07182385476121377,0.0901749757381816,436,39.69840051070285,40.262722
0.7409347943084227,0.11307489670588966,-0.1660478183449608,0.0647284101629372,-0.046222929709246366,-0.060182166763453074,0.0921685657327282,437,39.75316807522282,40.262722
0.7047432349290341,0.06899303773225181,-0.16403617111766028,0.020493952207520094,-0.09185940852953904,-0.08267232612340403,0.08936859244408235,438,39.55974523467278,39.713634
0.0820908009129606,-0.10455410327927842,0.02167130121836557,0.0284133356513071,0.08426333706050061,0.11569698141229713,0.1164584925228327,439,39.35875446862949,39.713634
0.08122196033935147,-0.07996244297271501,-0.20561579249347137,0.07565315426140476,0.049760426939443034,0.05502738604373582,0.11548847317839535,440,39.1062874884266,39.197273
-0.0362874890871228,-0.450123623444292,-0.24669590827299914,-0.017250607290564744,-0.11769815371773115,-0.1040838997320566,0.08835170405194728,441,38.130926345637654,39.244541
0.43393485711263874,-0.6276693518574152,-0.23391766231169847,0.006588377244735707,-0.03359350687078077,-0.12658775908140218,0.06379214846904324,442,38.49726142583558,39.244541
0.37307090435677975,-0.44559451664812527,-0.2042144412205636,0.032339386589693965,-0.012901831966348613,-0.06703720603836831,0.06540664333039958,443,38.75578326153399,39.40818
-0.5020899685697758,0.9239195726887575,0.1485233796546363,0.017994710536263107,0.11622254060210502,0.049980765927008404,0.12036061661339827,444,39.8896259405829,39.40818
-0.8210301806317559,0.9423061648733354,0.14157127644110243,0.021771697690746925,-0.0061082737404047896,-0.0243052698224004,0.1156373017606363,445,39.384557039701804,38.959091
-0.9077263435771991,0.24760629217859365,0.0767738209896368,0.006194223816045651,0.06553907838019389,-0.01875221358398396,0.10710211925056617,446,38.59145130058436,38.959091
-1.3097294494348226,0.23240294656480773,0.05915272812673956,0.0004628557031081238,0.034398492261675816,0.04953931926225182,0.08211802635507695,447,38.16305924196933,37.668179
-1.1095906523480792,-0.44441689280413216,0.12626330236820804,-0.010537511258713148,-0.023203502723718916,0.032309670940298525,0.05815165231797232,448,37.64369038962234,37.668179
-0.8808889578157711,-0.4345079722403745,-0.1200989575501523,-0.0444545043003636,-0.12404418330821976,-0.030095641483526614,0.058004126535064746,449,37.438628232967176,37.462723
-0.6439746442021534,-0.7904632978862189,-0.09609213851250539,0.002014949991563676,-0.007912867140875487,-0.016323557877511316,0.04234798960449911,450,37.50431075710734,37.340908
-0.18855874474207912,-0.9036202151547305,-0.07952972548366628,0.018005142446322293,0.025111848570083715,0.02515276448564778,0.06097648112406016,451,37.97225187437612,38.146358
0.3776382532148955,-0.943496690934643,-0.19604271091243966,-0.008033240514591204,-0.05050435928205043,-0.043576474225406364,0.051276243404184386,452,38.201975343880456,37.984543
0.24286946076213664,-0.9184896067294552,-0.25370057627087755,0.009305217656063406,-0.03713721648335319,-0.020671735135427433,0.0538517846158098,453,38.09074165154541,37.984543
-0.380412873777086,-0.8090325769629547,-0.17220278187708077,0.01915165473292336,-0.025184780998586155,-0.009161292061012306,0.05363208468252284,454,37.69150375686921,37.831821
-0.8057620373997378,-0.4306079570755254,0.003988822161343222,-0.02530734133675344,0.0018239323593128947,0.02119482002820603,-0.10001484660906786,455,37.680029715258314,37.831821
-1.6728683264983863,0.2480056318042531,0.1089542090462657,0.012440150751094095,-0.02909348872806274,0.01732790537690747,0.07476113490604047,457,37.77424153978863,37.159092
-1.384682991592758,0.3710766553705091,0.11262930384422061,0.011992734412738565,0.024626800717087307,0.025606605220920713,0.08406820698035798,458,38.260031638083575,37.710003
-1.5973809525983302,0.2798356286803882,0.10830522087598245,0.012000108091500138,-0.0025997049941327063,0.02110460661525772,0.0772364705324196,459,37.913215700333545,37.710003
-1.324245183493676,0.48041912896508765,0.11738799381029637,0.012920012552146686,0.06259135431228274,0.07229163689005894,0.08817610980770095,460,38.5242553759744,39.002724
-1.3179729623496665,0.703397458937666,0.11298637793854925,0.011790345454377711,-0.05269591426026381,0.0329536970063931,0.08953629674275314,461,38.59470962260034,39.002724
-0.6504318750728059,1.0579625411705262,0.14352213774978986,0.02013399853880607,0.1477786696271926,0.005719457349273757,0.1100113896142236,462,39.84941064210753,39.691818
-0.8074502396419019,0.49510086659165997,0.1136372808454417,0.024316262365062156,0.020629239290114156,-0.008177569586273848,0.10816893315588082,463,38.960939096150476,39.691818
-0.6337598662814738,0.6350015007928157,0.08145383634748096,0.0173647573743309,0.15107793933014016,0.07153987907699925,0.11374889191606764,464,39.451141261686836,40.202728
-0.47952788376377015,1.019296920762838,-0.042275267417035016,-0.0634428649934366,0.0007948917930583487,0.021864165548489033,0.1175527800983455,465,39.588977065158986,40.202728
-0.002158999009386609,1.0258461801685435,0.14585147879148494,0.008084489248324547,0.04793289416226064,0.0015092343510364101,0.13048073667938617,466,40.372260337522164,40.324543
-0.32084678805119654,0.9247850120134706,0.12203629025431394,0.022015691475372745,0.08407170938102261,0.0437025136711217,0.12380531194828459,467,40.014284063822906,40.235455
0.06522381071566036,0.8508049010376352,-0.08094569171442606,-0.08817091407971928,-0.02692984583791253,-0.05015811937641779,0.1244374874660513,468,39.808975951341395,39.050003
-0.6655738936782658,-0.331830520642014,-0.12973743846421706,-0.007193199929409952,-0.008914936687776657,0.017348323417242715,0.0648916132049728,469,37.95370427035106,37.790001
-0.28371616616864315,-0.4620122212567825,-0.17053583475646525,-0.027813424970384033,-0.07067529797156215,-0.04779877509975057,0.08608327759451977,470,38.03824588050148,37.790001
0.13309166449511073,-0.47858592549414625,-0.11595027802641644,-0.012483219635752297,0.03218250479625158,0.06950670126514263,0.11169818505540367,471,38.7541739555861,37.677273
0.4673557203673253,-0.7209561553930197,-0.08414627528549318,-0.051665687999098826,-0.017769089752615583,-0.18232064451498867,0.07644404400770545,472,38.501656234560286,37.677273
0.014138747616521289,0.34179643754321354,-0.5133671794417832,-0.043172251156796515,-0.08120738503894463,-0.0029644459753954593,0.10248819215132073,473,38.83242643882862,38.404545
-1.142974002859726,0.2751776688782717,0.0863670306385131,0.03890071118917514,0.1221467543060975,0.02579888260647738,-0.3803332849550857,474,38.03979808293423,38.404545
-0.7558357968710454,0.3305957925481858,0.042566453421324854,0.02162316311491269,0.20838767328717117,0.05299148545735525,-0.21113881459503075,475,38.703904279493386,39.766361
0.7606239760564429,0.4803498463657674,-0.1569580909497423,0.05659049646123386,-0.03170403752020502,0.02736791093813788,0.12104124541361704,476,40.27202566989579,39.766361
0.6014437503867273,-1.0167084747224973,0.00017259194555257172,0.05447144233385651,0.10087622742314088,0.023988723051021583,0.05819744050353213,477,38.837156024051836,39.72818
0.5250886133951784,-1.074933621282184,-0.17356494269122924,-0.001898306182639453,-0.04997201741617625,-0.00464799476544015,0.05310986089929467,478,38.28789591508729,39.72818
0.25768149486604724,-0.11792351775592093,-0.19671604968830983,0.07540421733273314,-0.06800614544409266,-0.07078297267913948,0.10506023184772326,479,38.99943158160953,39.126362
0.03265310842754307,-0.11138783840647797,0.07505549379272523,-0.007676341018683795,0.2550194132167349,0.1434765709966525,0.11047340261953902,480,39.51232813275856,39.713634
-0.126722648928993,-0.9891592754135848,-0.20621226928620356,-0.0039240619862019625,-0.1027786829806679,-0.043516660892679165,0.056565901611101976,481,37.59896662525325,39.197273
0.21535281755414076,-1.019250198522882,-0.21184208831204857,0.015907415597571292,-0.05495188489945735,-0.034377572898260794,0.052115749274990096,482,37.97766856092458,38.413631
0.5380061532094933,-1.0293187945702622,-0.16520999487661542,-0.009691856141454912,-0.010446964440613106,-0.012817088898259641,0.05292099498196295,483,38.37815677239474,38.413631
0.5801328476068824,-0.9287310104347495,-0.1469440535842003,0.08454421846030666,0.11272684095977219,0.003688571488555644,0.056243535273500796,484,38.77637527290056,39.40818
0.19879338141236136,0.64626392289288,-0.09620611759868947,0.0019872783750338333,0.0955460056690416,-0.0169446386515519,0.1242831875350888,485,39.968437342764645,39.40818
0.1981734434462607,0.5656993797670276,-0.048202656935065626,0.027274751196123388,0.09651704588796739,0.0006063771649653073,0.12388854196561246,486,39.97867120562338,39.41909
-0.819018189411236,1.0387830613962619,0.1353489435006359,0.01743877520482779,-0.012615579058998329,0.036720608941498846,0.12116958157584864,487,39.53254152527932,39.41909
-0.9229442790678047,0.9552027840732281,0.1492704911980448,0.018222705166144798,-0.05750709546747244,-0.0011694376647429282,0.11656828749569785,488,39.27235777886358,38.808178
-0.8837450771298382,0.10661158550218441,0.07420035697557512,0.03822845917863919,-0.028252908889008558,-0.08119289248276404,0.09168945481747658,489,38.332253301102796,37.668179
-0.9219339535959683,0.07180693080336822,-0.36814785013290247,-0.049092221703548475,-0.07786645484018914,-0.01630319262653779,0.05927944418530478,490,37.712457025220054,37.462723
-0.9151317805521902,-0.5687732135739548,0.08055079867589507,-0.02040675854820779,-0.03043617504807188,0.010044334178119653,0.04350870814534642,491,37.61407023640745,37.462723
-0.7071521954878867,-0.7378498414897243,-0.1009334126444676,-0.012041616784351217,-0.032616386842505736,0.00643412347862056,0.04283214497236323,492,37.47338713833254,37.477268
0.03667059613854183,-1.276185856476644,-0.09804056210188845,0.01521389655481088,0.009745403839764128,0.006738515151009399,0.055180365131980214,493,37.764036681368076,37.984543
0.04436935932276007,-1.2703499423859523,-0.18276334687754867,0.004276316380070575,0.015050319581832153,0.00524330451313963,0.053189539037567575,494,37.6837298727024,37.984543
0.0036195985285920767,-1.3096399424677398,-0.21440079397684053,0.012592909684662671,0.008992114683039806,0.029507912890956313,0.0510857073645884,495,37.59647182983777,37.59
-0.16691925214937997,-1.290788993244151,-0.1635291504718609,0.016196726780339645,0.0028481223394273393,0.05992405014759193,0.04883976461135013,496,37.521285591143815,37.59
-1.0336754289901668,0.29124017840515154,-0.027291906302885565,0.013522960150782982,0.18109197322869777,0.03819286662089514,-0.34410963103939207,497,38.13368533520359,38.213638
-1.485608952605517,0.34729345306431864,0.11566700490444229,0.012845555252634701,0.0018622192147520415,0.0468435861179542,0.08288404251279465,498,38.13650123159186,37.159092
-0.8671118584274881,0.6526488433149981,0.12093319336083797,0.012987131628610283,0.01067283852249274,0.01650400861481793,0.09915403956444116,499,39.06050251970921,37.648178
-1.5438778366503878,0.3054275077495247,0.1094943736462224,0.012005927140439883,0.004374072607265393,0.021111483533653736,0.0786994798340052,500,38.0019493309912,37.648178
-1.4440088539949099,0.4276588956677702,0.11379640160189525,0.012626283527881145,0.0471618139483419,0.043504918114815126,0.08208552748975792,501,38.29753930948605,39.002724
-0.8927220090628012,0.8406685089362982,0.11946319883421486,0.012947997275732781,-0.10545881135761337,0.01771247188641065,0.10290616172261886,502,39.11023184136537,39.002724
-0.7295443926201959,1.015522264587114,0.13950430255746557,0.021696890482542766,0.11857774707461353,-0.03903088996094804,0.1093129888777197,503,39.65075323412885,39.526363
0.24178969226474303,0.7724529556465989,0.14091269054527056,-0.0007394597136418032,-0.007160663750141437,-0.04464045152002191,0.11862039428676101,504,40.2359494808901,39.526363
0.5449044127081865,0.563413956970681,0.06674995347232535,-0.011621172739652057,-0.10015598023233847,0.022051018115999122,0.11812219353543789,505,40.21817870496117,40.202728
0.05328206102570839,0.9377169324804311,0.12029415471131141,0.006514303140175434,0.04778162026898408,0.04229187091881437,0.13266310950065863,506,40.35525837517659,40.202728
-0.18687973420620593,1.0205642641198716,0.10776341718524289,0.015892028575594554,0.02140605156479226,-0.03205842548706309,0.13510376079154152,507,40.09650568567429,40.324543
-0.4223211395296516,0.9897280889758223,0.07922284761563386,-0.014071181959381252,0.12431983101663543,0.055487800542869406,0.11695254164549548,508,39.94403311143793,40.324543
-0.6158079078824227,0.9728826149591716,-0.03028674251508757,-0.030326925305815506,-0.021547718836379938,-0.049731587694710824,0.11166146388943361,509,39.351557519744695,39.106358
-0.8724248351232264,-0.3382387001035268,0.016040875192414285,-0.045440811571521515,0.210701988279059,0.026731930527551982,0.06026417793869818,510,38.07234894826996,37.790001
-0.3693515890062128,-0.4788048870973001,-0.13636065801325054,-0.005673358048084153,-0.04476768806729549,0.017653878381616035,0.08468076338223259,511,38.08209078466225,37.790001
-0.8497592567704644,-0.4737874854451977,-0.0064100922103155124,-0.007191097363087552,0.07214680226268247,0.03775701959324349,0.05349584216857399,512,37.84096605536593,37.753639
0.13829554097538174,-0.5319008038005666,0.10692167812618784,-0.023070481591683772,0.008239856319910662,0.08992368504884753,0.10484335004755392,513,38.90796714825615,37.753639
-0.46226369471009493,0.34268621554442863,-0.246422665910592,-0.059305293150740374,-0.09831484400424463,-0.03958918035339549,0.07992078617815195,514,38.531425646724,38.404545
-0.6933019115795074,0.29495994443917384,-0.24589867852923755,-0.05032374413575327,-0.09073597125372411,-0.02959591217034899,0.07218539749461948,515,38.27200344739571,38.404545
-0.44636551734671026,0.4520799069079299,0.015315290639614223,0.012871026158072419,0.1927633325435248,0.05372039619187911,-0.32900324200350445,516,38.966095516221294,39.173634
0.5825519915380911,0.5302719004391526,-0.12230910752604074,0.025536043858585687,-0.04879257690028207,0.03761213230942228,-0.3450947254018585,517,39.67448998144759,39.173634
0.5720341228204491,-1.0259541124105453,-0.0641687880382498,0.03580749725197222,-0.013146869312932128,-0.02284280586166955,0.05676009984941273,518,38.553203467428894,38.855453
0.5723620087349106,-0.944426421672149,-0.13625331501682442,0.03589177414942592,0.0002433092529799469,0.059736533588436516,0.05574349409258526,519,38.658011706259884,39.72818
0.5435172493449274,-0.2003746627099676,-0.16364548346167052,0.0030335848220978774,0.015233773809001656,-0.09141698366037927,0.08818547911749958,520,39.209247280392,39.126362
-0.17260251625832487,-0.2749651284887811,0.1938376342402361,0.010558146425883388,0.29466940499884664,0.13364857040491882,0.10295016912283272,521,39.302810603576106,39.126362
0.09776652392436232,-0.9201367298808736,-0.17070575156526557,0.0181648218115988,0.037072403117251504,0.015385681769436995,0.06269908416462373,522,38.154960356471605,38.449997
0.2688395477075968,-1.0289829324313848,-0.18596353455313883,0.047002003258493,-0.015535017357921269,-0.023971181963468657,0.05211199940208288,523,38.12821520719275,38.413631
0.49277248126663253,-1.0596467941875407,-0.2277070974017918,-0.011273155101393293,0.05584789158656519,-0.008498140182957878,0.05196553091082317,524,38.30817504002084,38.413631
0.3400872745021554,-0.9349292160385847,-0.1830648604524031,0.021282166199153546,-0.015416695870114369,-0.01612330385502466,0.05251990886498464,525,38.27906959648066,39.053635
0.14370486645158762,0.4827470105007583,-0.584502492442175,-0.0009378845602396838,-0.04868667748897422,-0.002155772034040421,0.10516814980693212,526,39.11005152336437,39.053635
0.9175568481777886,0.761404777145688,0.059196997478344046,0.02645198019658404,0.013823111791286032,0.004212238161587037,0.1281969216530228,527,40.92555719773482,39.691818
-0.6476689727908379,1.1028613512150667,0.13843177701403028,0.020491830553772607,0.10302962563576594,0.04135627829189147,0.12144293648160318,528,39.89465914953179,39.41909
-0.6609774457913088,0.9022631854465623,0.13108738523302668,0.019745459913470584,0.0366789479856766,-0.04439376782435662,0.10602787219244082,529,39.505145960286015,38.808178
-0.9644748620537238,0.3831949023896121,0.28952485132020217,0.08756081419283826,-0.0033866768415766876,0.08267898723930701,0.10857878349931378,530,38.99839112287648,38.808178
-1.315443310870489,0.16387110968208748,-0.21359848823106947,-0.048964045609257836,-0.07994695618153001,-0.11796313074897466,0.06368157232679798,531,37.46635107349809,37.551815
-0.8306952034343785,-0.6917317751925359,-0.006167156301001647,-0.05990364704364135,-0.041490816116490165,0.017815895366826276,0.0443722415178871,532,37.44691386192718,37.462723
-0.5366460504094516,-0.7161361991617535,-0.1590165952740922,-0.0033432380934421144,-0.050433542510255024,-0.020723879301173833,0.04655276446501699,533,37.57496758284534,37.477268
-0.0709495880514641,-1.3136368994848833,-0.08484095700829955,0.017002514958728236,-0.015612685644116163,-0.006366571136117011,-0.011405715663332297,534,37.52890442110099,37.350002
-0.029352460379646107,-1.3353678629723253,-0.20520486106350658,0.026446476562556418,-0.04372964847960645,-0.0030367154700563104,0.0501645013333172,535,37.47463375266126,37.350002
-0.01721859718135498,-1.3671299577294653,-0.18280273144161116,-0.00038859322962477927,-0.059906407548891004,-0.06026694492226492,0.04963065295733077,536,37.37663174403462,37.262726
-0.009897304828607347,-1.3294332990846636,-0.17580426773717564,0.0009182170461489176,-0.057928346159854746,-0.0221278042671522,0.04988772474277736,537,37.47032924284197,37.59
-0.9308656813954765,0.24111667165988937,-0.2867281233400465,0.028183230867549237,-0.054028298887045176,0.012977870515666014,-0.3221596457877209,538,37.703210346763306,38.213638
-1.5535946388345017,0.3020561886592456,0.1092788244246357,0.012184746092036835,0.001406026711090242,0.021086490957365662,0.07843965008101336,540,37.98557161122135,37.648178
-1.5854012098280355,0.333642085093332,0.11046888449184039,0.012594358943119709,0.022668529056058356,0.03598023784516325,0.07780774497185282,541,38.022474953703814,37.648178
-1.3330434459015643,0.4572092569872648,0.11668003256391964,0.012871139962360051,0.05923040100518973,0.06424155995034131,0.08728602965708462,542,38.47918929735509,38.646358
-0.8614574264872401,0.9046612405453504,0.11829988704239985,0.012364342631654557,-0.09821981862598854,0.018157670185231702,0.1053581424182018,543,39.213878360840134,38.646358
-0.6804854675868508,1.0447263049346398,0.14186992731140435,0.022895799305640823,0.12721234350029656,-0.09008433239856534,0.10843858668947609,544,39.68928748488656,39.526363
-0.5968538330971326,1.0378113585263555,0.13144056136332252,0.018946612367739736,-0.02761516142414032,0.07077994391704943,0.11401698850136802,545,39.763240793285085,39.526363
-0.4510437484253921,0.9627857770652262,0.12921568819397822,0.020418283082096096,-0.0078417259315774,0.04359412344263169,0.11742365007522988,546,39.82926637063271,39.80455
0.4517531619407159,0.7350634315183008,0.13563534610306333,-0.0028105654356954664,-0.07017257910121828,0.021882860634111115,0.11460397074277726,547,40.40066994953255,39.80455
0.2810691801850316,0.9339819016493671,-0.10083603734002546,-0.0760961372474055,0.026476515336169043,-0.05373720894466488,0.12815772280821078,548,40.15373025957722,40.171818
0.5299005306961834,0.4786552492575662,-0.5423045663569425,0.05139816027421851,-0.002191551500393209,0.03170730662575267,0.10864486244108787,549,39.67052431456798,40.324543
0.343998640996264,0.36399501927405314,-0.6844244181218245,-0.0460628734246041,-0.009383138777172565,0.016705154132237776,0.09736864096896047,550,39.096911348178416,39.106358
0.33937996748594995,-1.2529097950765882,-0.2459663759836154,0.003291449742463189,0.001760353729193177,-0.037174797008030586,0.05008475201494067,551,37.87317987803482,37.757271
0.36917465831536983,-1.274961166358684,-0.2572076315691852,0.00553427059282592,-0.05402532469708381,-0.03335546293637577,0.049506334657309976,552,37.81938000113468,37.757271
0.27774926747707157,-1.2709757338468988,-0.235763440339056,-0.040452512364626,-0.051071128973846656,-0.00043931475468753024,0.04708951539929286,553,37.740850975727746,37.753639
0.41609567037240275,-1.287445413737622,-0.23337666645133373,-0.04186988832619969,-0.06124234592278147,-0.023974059348382183,0.0485076216062658,554,37.83140924132286,37.753639
0.2501833669420782,-1.1464137514039174,-0.11830436569475243,0.015104065971503182,-0.06905023172668101,-0.02862637013485611,0.056192980155656276,555,37.97380001723954,37.811817
-0.14798577744191826,-0.9860294647383729,-0.11018615140329795,0.007471570898765072,0.004295282742549539,0.02036812599816787,0.05981315073640231,556,37.86246105992278,37.811817
0.33031490134649216,-0.8646437576417446,0.00771127418571628,0.03548635937575393,-0.017957720042646803,0.08523780471120432,0.05722877647493477,557,38.64809196154021,38.21727
0.36810329872756403,-0.6888573663252987,-0.05220506497382551,0.026965407299721477,0.013381650585777132,-0.015417117020371731,-0.2630262515773807,558,38.40365887984665,39.173634
0.40797123370226723,-0.510014266236756,-0.14283396698131803,0.04836324930563411,0.004374799576334317,0.004213578177192887,-0.26376181057483866,559,38.56302714009903,38.855453
0.5316679460948284,-0.620751869443562,-0.17382474448857665,0.05703341759562591,-0.036460726449098216,-0.04709657381177722,0.06520187232848504,560,38.79048364495642,38.855453
0.4410519352939535,-0.9527860431300975,-0.02686587796943566,0.020907133057886936,0.0659408848248068,0.023718272726019774,-0.2807986690202142,561,38.305881958913446,38.502724
0.5362244599324757,-1.0791379252903348,-0.007496096349641059,0.07551786184281462,0.0733830521571048,0.07621167763570041,0.05976382949080035,562,38.74918118254945,39.126362
0.28817907015478766,-1.2325626247070365,-0.20250728838540288,0.014969295338788251,-0.009691556817232482,0.018306678333909653,0.04891251687687755,563,37.94032041392523,38.449997
0.2556034382064394,-1.417801009463516,-0.18795775397118672,0.0003395721863207725,-0.03448125271556515,-0.07586424440573586,0.024643764994738592,564,37.57919683796201,37.646362
0.39558218053508143,-1.2962603327041409,-0.22266046496334987,-0.0029507057638300006,-0.06950083510492965,-0.09308276773822532,0.05032070663759668,565,37.77616210402873,37.646362
0.4828955617806997,-1.144962368657882,-0.18813718349615455,0.011086574753277931,0.0020193246597045907,-0.016786269167664656,0.052628550572529055,566,38.213458513574984,38.382729
0.4355259784799706,-0.234649571653249,-0.12009579791627371,-0.013719406233745488,0.023576554229104006,-0.06909799577239292,0.09555693527564071,567,39.131811019539526,39.053635
0.5349493083430885,-0.24804985451219408,-0.08601526862352527,0.03402929538863031,0.03312346038992359,-0.08471816029024636,0.09186791018331877,568,39.28990101400949,39.691818
-0.5256465105031142,0.8462010217934308,0.06225149402246585,-0.03584441876996919,-0.01287984064822643,0.04713553938967022,0.11213435760747775,569,39.50806596602224,39.691818
-0.5668972804076183,0.7269305960142958,-0.05928487568514292,-0.07136496035913228,-0.12331433079855515,-0.0678284130105399,0.09712582780712818,570,38.95008088669092,38.857273
-0.5034787294522608,0.35663620949885766,-0.2196648226960148,-0.0030951236682928603,-0.07176861978943963,-0.033551784086889684,0.07811413649624366,571,38.61790558943269,38.808178
-1.0344013185985028,0.041592910684664385,-0.3261624402249768,-0.059833509591171855,-0.059928936338593884,-0.025933827319839352,0.06081258957734513,572,37.610859791319456,37.551815
-0.9771790443771464,-0.1725689632852768,-0.2306770071299416,-0.07691094793727678,-0.039608151389854684,0.006508481345843251,0.053659113087228955,573,37.57793780344411,37.551815
-1.1378085177229398,-0.20040085973400124,-0.2128996136941726,-0.06924992406905246,-0.046777462725151084,0.004828001279491544,0.05282897050946008,574,37.40523491697416,37.257271
-0.691770806701204,-1.202693369376886,-0.08553448090082015,-0.010632585548641781,-0.019930926240841824,0.030027830823771324,0.03747026364653829,575,37.07165024883243,37.03727
-0.31465067429460003,-1.241326225308243,-0.17335648612790203,0.009361870238757683,0.003541057483449814,0.0341040980790573,0.045830010061179746,576,37.378217973262196,37.350002
-0.18223540341049177,-1.4289791649958663,-0.17612513164087545,-0.01542284882308255,-0.00520750050107928,-0.02421504199102974,0.04617213211431047,577,37.2287013638824,37.262726
0.028791012773175084,-1.5530110040286003,-0.22584325389138585,0.024454527789412945,-0.056347228694370394,-0.045986751256137715,0.047052209970801236,578,37.233823835793416,37.262726
-1.5065421053730206,0.31315689552517206,0.10923288096611704,0.01158104338194887,0.006904260648278684,0.028367312491631092,0.08023712971326213,581,38.057651740483855,37.568176
-1.1606536636337461,0.4385358349917564,0.12065333891961702,0.014026989234051693,0.016261609342266944,0.011263965971698113,0.09268176411455475,582,38.54748416207069,37.568176
-0.8829700252699341,0.6577683716318573,0.12039118599825456,0.011701330422786283,0.003527994549717533,0.015276500761399149,0.09847966377142597,583,39.038889344995994,38.646358
-1.4918897678388818,0.7106307424416709,0.1206765913563225,0.01335679556205416,0.03809847710151635,0.10199959405861204,0.08767077952009347,584,38.595257535331854,38.646358
-1.49387127086508,0.710098445401824,0.1206765913563225,0.01335679556205416,0.03809847710151635,0.1045153596916469,0.08766881395310366,585,38.595257535331854,39.062729
-1.221423509603199,0.9650763610831445,0.12220023302241391,0.01291577937288728,0.036595805622764724,0.0629325774031546,0.09634027533809723,586,39.08935184536977,39.062729
-0.5852661261633222,1.131441826700094,0.13973720833621625,0.020391498763650005,0.11469369775192273,0.08359540890048602,0.11648439440604243,587,40.03579223182562,39.666359
0.226580071494158,0.7766441645623579,0.15768884355135174,-0.007933808025480061,0.031539561370001475,-0.01603605505334134,0.1219342435254127,588,40.30513134455497,39.80455
-0.27227923518539476,0.8770924138319511,0.12074731712595943,0.02466533325304396,0.0865909667338924,0.049570318538605156,0.12522682240422225,589,40.026328259832795,40.171818
-0.767306023606961,0.1684936567691495,0.095285471330442,0.018568488184928768,0.1370210813458471,-0.02216578434671389,0.0820250762089712,590,38.72663628901619,40.171818
0.39514066124617475,0.3253470850441223,-0.7469865997352974,-0.05732247704346157,-0.0022103944621723226,0.014531587145337092,0.09626948648392408,591,39.039483671809144,39.122726
0.34320920293285956,-1.2317670566792582,-0.19400563016806,0.006368417070011696,-0.01545305431082204,-0.0393654045001184,0.049828218499979995,592,37.93352901597511,37.757271
0.3560204024898389,-1.2709745172687512,-0.2479299223616988,0.011024682946006139,-0.05801195030527423,-0.04230092987057635,0.04923851836689304,593,37.811780607126956,37.757271
0.32608540733601404,-1.2706331590073292,-0.2032554288859832,-0.01382224630482372,0.009072259009768007,0.01215930433883635,0.04898093783731578,594,37.92330139745431,37.546364
0.5670435891348292,-1.1365732905933137,-0.1176917088956121,0.06556733727786326,0.07933409965513735,0.019269402876411608,0.05389661517151938,595,38.545560367757325,37.546364
0.3572300720621528,-1.1803297630187997,-0.2518651800951418,-0.026057376446113088,-0.029976399737463955,-0.04424938083344217,0.050834264936760284,596,37.890300559998465,37.637272
0.23873893373002286,-1.131269293632476,-0.15473404169130495,0.02698150300352195,0.010924435038971789,0.01035901948081693,0.05200712677580832,597,38.067722005835854,37.811817
-0.019245268010143743,-0.8116591940665033,-0.06841152473185981,0.026175745783690457,-0.017117123655290598,0.02014806900730274,0.09095773530021108,598,38.23556276275793,38.21727
0.10069189158706575,-0.86631499061732,-0.12415092719349388,0.004980202384068199,0.013347809378204954,-0.030144226512126567,0.07979769549285678,599,38.19292177764973,38.21727
0.43454827792077455,-0.5324129235395174,-0.1606453817995184,0.008185570194158226,0.013533770049748999,-0.017514042768824803,-0.21799980088255422,600,38.54240979230478,37.820908
0.5528163075088287,-0.5648588317737832,-0.14704571303646105,0.05459150566939696,-0.033391480547404845,0.003143404015506976,-0.22079240639392267,601,38.659177108572656,38.855453
0.48284137232599805,-0.939475369315521,-0.16085406147230494,0.008469274089918388,-0.0032748436248944955,-0.018871182813232128,-0.03149421441115271,602,38.352055297909324,38.502724
0.41338693854240216,-1.0244152552296213,-0.08281719110700238,-0.006372057456329424,0.053164691144382624,0.00028312397446788023,0.05843141964374739,603,38.426375992642555,38.502724
0.2875811620706199,-1.433230809049473,-0.18363929211525357,0.00662667527659802,-0.03464220897863381,-0.04576814568816649,0.04747168219003844,604,37.659113386836225,37.642731
-0.07367671124799656,-1.437181078624801,-0.22221517083111086,-0.0016210476428658671,-0.07133300739945635,-0.06487795984861029,0.04829535353913891,605,37.19210470107482,37.048183
-0.20256273404308991,-1.3183996971472203,-0.20436571414316115,0.03212648274055246,0.021092122994041607,-0.017285977507748157,0.05273950852590577,606,37.37805831454979,37.646362
0.25351196667090714,-1.2722693570408121,-0.22065565247184074,-0.011977964245503963,-0.06968140580584306,-0.04224891949555995,0.04807947737255066,607,37.69947246811443,38.382729
0.30719680907632957,-0.19606825910978232,-0.35879453109033,-0.005974447790447704,0.01753757490691275,-0.12727912044393996,0.07818009374457355,608,38.7295124424238,38.382729
-0.2029541276597805,-0.1460172988800989,-0.25585464195363794,0.020253459786879605,-0.014821998562872295,0.024353045572344738,0.09019509810639853,609,38.52986785953974,39.160904
-0.417957258793688,0.8897114180862483,-0.12399709045211856,0.017871474229802353,-0.0661343889996962,-0.03237709483862021,0.09909527374074002,610,39.380926656103185,39.691818
-0.6138552935262188,0.6836290155136254,0.030584613284282042,-0.026621637013474694,-0.043269190760662254,-0.061110815214889105,-0.2400562021517565,611,38.74401481326138,38.857273
-0.499883068718621,0.40706142683229946,-0.10692645454175703,-0.017185546676654378,-0.0702146554544008,0.004622160526678136,0.008889750803276236,612,38.741077935901345,38.857273
-1.0614962025647208,0.14763992707718762,-0.03967455657601307,-0.058315639771838665,0.00047870193566798374,0.04697444879678249,0.07722783785554575,613,38.127548839883126,37.666363
-1.3720426459188884,-0.06691451853531481,-0.06580880832394345,-0.06234687011853625,-0.0377713517516287,-0.01320577382522945,0.0532480426981643,614,37.44987239735514,37.551815
-1.2756302144594265,-0.1559716286513697,-0.10272204704556531,-0.06978688911363089,-0.06193181002280172,-0.008236309636081018,0.054595088392625904,615,37.39503051259427,37.257271
-0.7384931717710533,-1.1234036135931542,-0.14197902520635167,0.0032872012052985802,-0.037823816477293264,-0.005945774739107315,0.03506406339828336,616,37.00542018594712,37.03727
-0.7529046249404904,-1.1609807991268444,-0.14036236345660114,0.010670875262114762,-0.01648405288868277,0.031941409427297014,0.034014490145541094,617,37.02060925755283,37.03727
-0.5868968244824038,-1.263327828816216,-0.10264138316417834,-0.01336905076533084,-0.023551916762102453,0.033645390840337804,0.03660271363300885,618,37.0951754236136,37.162724
-0.03715514413387082,-1.4815596083849822,-0.18285167930768703,-0.023437808289774164,-0.022028656992045027,-0.010309842265308547,0.04896732729266184,619,37.3063389110495,37.262726
-1.5475576772689104,0.3234320915739375,0.11407354672391799,0.012270273672038362,0.03874718586016594,0.05196904826733446,0.07934675339238677,622,38.08699554535137,37.568176
-1.2025132295172187,0.35261233606965464,0.11709545311308799,0.014108236086268664,-0.017088096641237647,0.007677711988815061,0.09098056703250658,623,38.37758730126236,37.568176
-0.6679201936382851,0.7301358854721128,0.13185253192986826,0.016204555986284626,0.030809776968842455,0.029423390659661323,0.10416972510041694,624,39.38938999560941,38.495457
-0.7678044722439071,0.7195140179779977,0.12662486723690738,0.013552791797649339,0.01664975979415811,0.01614402980586482,0.1011318647763012,625,39.24052718227548,38.495457
-1.378235298259041,0.41657235337966714,0.1219564015221308,0.013333073602879443,0.04650605395927471,0.0743822994131651,0.08649090231444151,626,38.395720109063014,39.231815
-1.259235713966283,1.002265766288104,0.1271304265012487,0.014227716165851194,0.09886293921037616,0.08768530713122961,0.09702815607395826,627,39.18267892053499,39.062729
-0.9721735167860797,1.0315287926800596,0.12838359224097154,0.013546479448046956,0.04180862263629828,0.05040787160904241,0.10614045804402694,628,39.414356623002874,39.666359
-0.47426268487149204,0.888405442273145,0.11904905454604191,0.01689516111192442,0.040774940200974996,0.0436859881430937,0.11899425643225424,629,39.76825648096643,39.666359
-0.7064958674106089,0.7898877721569375,0.1150492123730739,0.013836006374095886,0.08320612749861042,0.01624341266414626,0.1140832288512016,630,39.44052421563798,40.162724
0.3194059412185619,0.7506772884076653,0.006986973205314256,-0.0036470251496675946,-0.004814761778774155,0.02474082362219748,0.12695240248998055,631,40.235015965145806,40.171818
0.1493142726126795,0.5784660780986426,-0.2479573372670158,-0.018176335160738976,-0.0029864690984466673,-0.01139094624166507,0.11625160337515147,632,39.57823518944913,39.122726
0.4269809487842098,-1.0291503252175132,-0.2338297365455316,0.013443834332454755,0.0207369707859818,0.06620566274352137,0.05035295135248899,633,38.329454629366104,37.991817
0.39465965366077266,-1.0299429353258378,-0.2310091459639561,0.003898795441424562,0.004677953290948936,-0.026504272885587096,0.05411551892521289,634,38.184609890273464,37.991817
0.38712007088532846,-1.2743015147763812,-0.17043367481541413,0.003974689680335996,0.013511249051241644,0.00664409825068979,0.05011388690957981,635,38.031343128315896,37.726364
0.36799559162226303,-1.305834144765573,-0.24623023731097282,-0.010284566839585025,-0.006703312591100369,-0.04793794632086347,0.04912718139375719,636,37.814846888318435,37.546364
0.43519716172855055,-1.5924985340628857,-0.15658264482381684,-0.006483951141939932,-0.031077153927037533,-0.024190544099453225,0.04673386437671362,637,37.68581252118064,37.637272
0.41963309166388013,-1.5993180895267503,-0.15674271742019624,0.003058088841986803,-0.005071401402909763,-0.021980827005884704,0.04709951822127989,638,37.701391986501925,37.637272
0.4458985377685438,-1.128782250580744,-0.021331407104149585,0.01475641257177889,0.0547457981600648,0.025201436250332044,0.05763430833818907,639,38.46283715853451,37.730003
0.4993787499082671,-1.1246359434637296,-0.19668078804724334,0.04495647664877908,-0.026098431290237357,-0.030119415909485657,0.052793768531532635,640,38.2343087395084,38.21727
0.3866918729465576,-0.7571904735654785,-0.21944210139839615,-0.002253233385676734,-0.059994454591357306,-0.160989994751751,0.05930128359940619,641,38.2608372219838,37.820908
0.011583803570917138,-0.706337677181079,-0.14363443580114796,0.011001512497560302,-0.010479868276644261,0.05400814361857219,-0.31004696520635056,642,37.92080883635232,37.820908
0.4116716729819259,-1.6721256418354529,-0.16869178530605516,0.026831626122214135,-0.029555375705099324,-0.02751632964169788,0.04591491649500354,643,37.6012434062413,37.622726
0.4197170284446803,-1.6598551661221497,-0.14415012235918956,0.014112247490591102,-0.027069719022477203,-0.025701500061566088,0.04603060289355157,644,37.63779769439394,37.622726
0.03385250911318756,-1.5801735471630771,-0.19695879474847286,0.03585911515206728,-0.01611805769052532,-0.03107260950726537,0.04710089752791432,645,37.30720383581437,37.642731
-0.003371116877874282,-1.7042132937145997,-0.22270331609526847,-0.023449198390179005,-0.01605896221638675,-0.037447710319454985,0.04552386162021141,646,37.05299458713699,37.048183
-0.09022187859416139,-1.3582988032824899,-0.23344536494692097,0.0058389196759277145,-0.07338207867502354,-0.06891526287954167,0.048568416890990285,647,37.2448582713193,37.048183
-0.03477276118001227,-1.277140391096955,-0.20051260802770965,0.04683666300355383,-0.054381505773460806,-0.02883055953428761,0.049903959434229865,648,37.515817119955884,37.864548
-0.059958435047621945,0.2372205270001452,-0.6310812565788904,-0.06525998715945154,-0.08010987800399887,-0.009625129369087201,0.09245505979403418,649,38.49835522376563,38.382729
0.13401182760488797,0.5974497459108175,-0.05557440609514414,-0.05978870909157681,0.06171303997210601,0.01822369689458087,0.11078184105270178,650,39.82153135937889,39.160904
-0.7361111248164501,0.398490319298376,0.27610735710372675,0.063518517666152,-0.06352119929566304,0.03661165874046622,0.10512978741365125,651,39.0949396392408,39.160904
-0.8935222737328241,0.31261237203771636,0.1759889479438302,0.07551436798503909,-0.07752245013998202,0.01776675721805875,-0.5072083057639708,652,38.11834373867836,38.600906
-0.7992652969610068,0.4104603216187248,-0.12723802200249323,-0.04935464127631081,-0.11793807385673916,-0.05736006593161759,0.0806562539429974,653,38.35467479866404,38.857273
-0.8405824466940196,0.3738872260164676,-0.1949504125853513,-0.016007274867511342,-0.10188307994256272,-0.033248026538449146,0.07799483216995015,654,38.27992514068903,37.666363
-0.6765546096513126,-0.6059106433480503,-0.11993697340256798,0.05415199348060083,-0.03164919241600314,0.022536907363374714,-0.04380654720435505,655,37.61354525795225,37.666363
-0.8317612818427332,-0.6760986932773277,-0.17407593896115817,0.03120978106978185,-0.11809719543901952,-0.008884521219460626,0.043695586829174064,656,37.28070206028978,36.955452
-0.8312514611228479,-0.656898144445515,-0.12447333803848401,0.022297266966254104,-0.1323365291080143,-0.023004559957835225,0.04879357512480417,657,37.31784113254891,36.891819
-0.8828753003214254,-0.6514723464084801,-0.017124969715552277,-0.024155186946283547,-0.06684858863253204,-0.013627816830816455,0.04827428789996129,658,37.40688440217538,37.03727
-1.0953178475071177,-0.4386737040193521,-0.09831330538327183,-0.05055723506969048,-0.046151145331521114,-0.0007171837581389717,0.052350086990994645,659,37.337333989052425,37.162724
-0.9465539984883636,-0.4885928446499103,-0.14733539680804472,-0.045522232370148394,-0.040052816181489544,0.001659077476803016,0.054442015566127024,660,37.4027581276755,37.162724
-0.7712371865698485,0.25678058030703627,-0.08045714025400016,0.005835057095888107,-0.028788490100716296,-0.0070140029095279765,-0.47012982685819826,661,37.91970331384113,37.846367
-1.5858350972816115,0.29163868991796743,0.10745420840097568,0.012561428896259027,0.018451444942074357,0.06763413411164386,0.07727280771649299,662,38.003891939834304,38.135452
-1.5234119617656603,0.3097185525170606,0.10734741208844771,0.01165596794289451,0.011005414430167195,0.0289689390298879,0.07894317886828445,663,38.03894182624157,38.135452
-0.8663509656891543,0.6586914715438529,0.12127674365365783,0.013137188587715948,0.01049883353107977,0.01599735172115042,0.09879621738264222,664,39.06676116386145,39.093636
-0.8663509656891543,0.6586914715438529,0.12127674365365783,0.013137188587715948,0.01049883353107977,0.01599735172115042,0.09879621738264222,665,39.06676116386145,38.495457
-0.8818993580619584,0.6462388370359865,0.12044654597616299,0.012986366067228841,0.010261345546825867,0.016572579831524294,0.09873264283589728,666,39.03805328236218,39.231815
-0.6615669910773259,1.1018479196300717,0.1304633252935972,0.014919169730393615,-0.012808662276660998,0.024474325973695765,0.11395941286335906,667,39.72600282326762,39.231815
-0.6733838110877781,1.2257648887585317,0.14374783227449253,0.015668759122287858,0.11996953596026443,0.030944981464202694,0.12028287551564182,668,39.997709385138165,40.120907
-0.359223153600831,0.8587175748981073,0.12479901341219114,0.022435059517940163,0.06811526775837337,0.03702747564244073,0.12169581355819445,669,39.88828137431692,39.666359
-0.013172317293602565,0.9787861750970615,0.2049685600242339,0.013273712294028154,-2.4398200213318193e-05,0.0013610116814999778,0.13194328720084025,670,40.33185035393435,40.162724
0.43012428925430946,0.8013299565838603,0.07942109431122958,-0.016839909980763047,-0.029792263029592973,0.023188622398699506,0.13025243777815373,671,40.432398550446436,40.162724
0.766101364566961,0.574032780803317,-0.23710427432031778,-0.08415340900381285,-0.006529535024648378,-0.014178544857584015,0.1134260145124676,672,40.126308719806914,39.406364
0.4290645423040046,-1.0812779320598342,-0.11413294247293176,-0.0022185624272446905,-0.021908566364758988,0.02196559446042097,0.05283299452219491,673,38.299039451092334,38.248184
0.40103923690763393,-1.0789168257873527,-0.29462364894099335,-0.02553062556822446,0.019744190181058118,-0.02160789143533375,0.049660574594636644,674,38.06447933308191,37.991817
0.4081060373935982,-1.2941915799960717,-0.2221979604289493,-0.015359697333187945,-0.060020873424956565,-0.048639454033829646,0.04955301737884237,675,37.83196381268596,37.726364
0.38764659845087207,-1.2885900351030661,-0.19309263751567896,-0.015918150335260176,-0.06217072236869253,-0.04924082645319226,0.04967762347208582,676,37.84302617327761,37.726364
0.4437297023096327,-1.6636078900971898,-0.10429826372034559,-0.005725983959325255,-0.031330182719011175,-0.05257958041105411,0.04747188613092051,677,37.648374010664114,37.611816
0.4408080020264417,-1.554675716497696,-0.1667448579571501,0.03039495708221275,-0.02087738225789638,-0.023179558824790558,0.047137790882558234,678,37.76757755758416,37.637272
0.4561595156280077,-1.1853904555282142,-0.16167164217228525,-0.013294907161261253,0.003399947501782662,-0.057680638167008136,0.05191237593280708,679,38.108148519164324,37.730003
0.4150817356439023,-1.2445755167700703,-0.1947476074770247,-0.01938178635705615,-0.07439348284901158,-0.05608484459348449,0.05084385805035144,680,37.89145667877811,37.730003
0.3648210056932663,-0.8203301010099099,-0.270308019175919,-0.017756381378122587,-0.08142439771350259,-0.17179585782747278,0.055863951152399054,681,38.07378452287122,37.422726
-0.17980262455953785,-0.7351279885994667,-0.11845016785380674,-0.017753993115050673,-0.041519119053559,-0.00970428725668709,-0.3316051160972774,682,37.58075102659513,37.820908
0.25011437803980097,-1.5866453832199467,-0.17688991968535625,0.021239013634949108,-0.024315782020945875,-0.009829248443750696,-0.07292877949758368,683,37.41545860193763,37.622726
0.19977446093804374,-1.7040195660469983,-0.213171986558167,0.01197611649495949,-0.03648412640692854,-0.03204914746552851,0.043924069932944544,684,37.2846641440188,36.973637
-0.13835035282703587,-1.5842261838446419,-0.19599828901079322,-0.007548061935759791,-0.06934516742796672,-0.049607219510115014,0.04717596878439989,685,37.01681501735858,36.973637
0.04305591142891351,-1.702828347183134,-0.2356883757683932,-0.01929052786570592,-0.06021489743961039,-0.047092140979285685,0.04465897339999531,686,37.03731491872331,36.760906
0.12379560483086786,-1.2960428382790012,-0.21213522044869412,-0.012911166613160024,-0.05610277345005201,-0.10266789252989478,0.047065803952502726,687,37.505715840593076,37.048183
0.09656041430516016,-1.2488625909186193,-0.10325828137370358,-0.006378390422314295,0.016768842627923324,0.05002688049157686,0.05276727294819076,688,37.872338470788705,37.864548
-0.08209729977683938,0.21978333402464115,-0.6380308040103666,-0.06722988298822877,-0.10922891000400262,-0.01615284541497672,0.09111099044710155,689,38.41286890540784,37.864548
-0.7888191001764617,0.3371298970834392,0.1609087569912935,0.048993423072066555,-0.1352318661691146,-0.003954687631077193,0.10067786248179823,690,38.7344186087825,38.406364
-0.4531260146129711,0.34184590122862785,-0.13443584976694245,-0.020318840389618183,-0.057221525012359595,-0.0012407662995459594,0.08265244277298264,691,38.7728696710507,39.160904
0.14477710421194623,0.30190533648392187,-0.5706163011410404,-0.02697695303229739,-0.06963404430512934,-0.033339108758107396,0.0988625071185163,692,38.85969286370829,38.600906
0.3461627712892085,0.471820694953759,-0.8449189347368514,-0.0355170333826798,-0.030343295188064955,-0.03170981775867162,0.09728058086549454,693,38.98748928917271,38.600906
-0.47506731371004124,0.5475703625808037,0.009484590936363054,-0.05860991937034518,-0.05377427739164439,-0.05088000376595414,0.10140914462494413,694,39.0348469070346,37.784542
-0.6162587269604665,-0.5961621353556686,-0.014520537775513298,-0.05325919158930999,-0.03735603701699047,0.02210911377545951,0.05299896682991599,695,37.77226577503794,37.784542
-0.8459712208001753,-0.727050330471681,-0.07350793495876014,-0.055257958609054095,-0.12406792251044943,-0.03545459704322678,0.04598612444192939,696,37.199390483179094,36.955452
-0.8999152062437533,-0.6870556786069832,-0.1564609942811564,-0.09940907269550397,-0.05641744061412912,-0.004547406277256522,0.04247482513444244,697,37.153383349546196,36.891819
-1.059384018479201,-0.621337846615232,-0.14969903701302784,-0.10258602618293629,-0.029346581063783694,-0.0053719657310769674,0.041880646986386744,698,37.08886949503165,36.891819
-0.9532041663181293,-0.5013533243745006,-0.15588725442297258,-0.03849920945020412,-0.04995239624678332,-0.007544117604899904,0.05265558334845201,699,37.360929438061504,37.106361
-1.392462635202952,-0.24116267257200188,0.08102135135346548,-0.053412176387728376,-0.055572639426028206,0.007959645885513632,0.05191577285630683,700,37.4130009696371,37.162724
-1.0591192187653031,0.23331277413070337,0.15949384798112828,-0.01336109508706476,0.15773083204516625,-0.015517277108265573,-0.5497326863880792,701,37.9275214999388,37.846367
-1.181062084039101,0.36323336919820476,0.11804527496769762,0.013562005466146292,-0.012111061170487082,0.007716397643643245,0.09144169497185856,703,38.415539920168456,38.135452
-1.552890447243509,0.3660236785460101,0.11090769682671073,0.012653328913277946,0.02939577470908641,0.03890371280832517,0.07890756534171452,704,38.098615633032104,38.135452
-0.7210222689511508,0.7674897667097275,0.12506192022751664,0.015623892719529782,0.024735089877483567,0.02615213221839276,0.10418408889830756,705,39.35693894483029,39.093636
-0.8659984988575566,0.8476431470465987,0.13311997118304822,0.015426932518350547,0.06042188778837151,-0.02512111692616577,0.10026757523341971,706,39.280474221116584,39.093636
-0.6782247476444155,1.0049514201413752,0.14067026408602676,0.022955547899601456,0.12076094188315598,-0.006158566864541431,0.11480226586901579,707,39.73447144850075,39.869999
-0.48964082725135893,0.8985070455749983,0.12228741606242709,0.02092118917553666,0.06540806031723788,-0.0017560003874957759,0.11694558634181443,708,39.747386792963695,39.231815
0.13618381419857253,0.8611857078175491,0.17159767154817887,-0.008169957714099927,0.04028510382383146,-0.002197850233754098,0.12838776684910522,709,40.34198657941986,40.120907
0.4279954833616476,0.641801534295382,0.16978347351428044,-0.0002998081833776961,-0.027269232214945524,0.02318019157187954,0.1170063884879476,710,40.366912353963336,40.120907
0.31546200046866135,0.8527534254563639,0.2024488820621144,-0.0008839622077650531,-0.0031632734106482306,-0.08780603515377083,0.11918299045886571,711,40.412708350804365,40.120907
0.2462076713099878,0.7900624107617099,-0.030936085015599538,-0.014929649485722538,-0.00786131850255589,0.02868482074527429,0.12674525168609788,712,40.152687424629704,40.120907
0.6164503443845335,0.6473754877067682,-0.12310847460691114,-0.13142131787045142,-0.014782996485188589,0.0015132902667121995,0.1116071543463354,713,40.12234781087235,39.406364
0.4716744791712708,-0.7475246652424212,-0.06923525541301374,-0.09129480822406352,-0.006061913698915526,-0.0072930995547132406,0.06578157664222542,714,38.630760636810855,38.248184
0.4840999500482917,-0.6790622740786219,-0.27310288029117047,0.002968909041302029,0.002314531268014874,-0.0332108679894768,0.06672626140594606,715,38.58544795253474,38.248184
0.43342671935570065,-1.2121856261285853,-0.16903289221279244,-0.0005099511563830271,-0.029336383890819745,-0.003737187766956292,0.051340265949852616,716,38.084679267280514,37.982723
0.42260710148869907,-1.1543461036904579,-0.16195697106555193,-0.02432422473319965,-0.052725407334764725,-0.05056562085137441,0.05121384666601365,717,38.04461694360984,37.726364
0.34630874919558846,-1.1270379069426104,-0.2999674861832991,-0.04481937934624452,-0.04491967268770971,-0.11231214429460544,0.04693446785606949,718,37.77890095072766,37.611816
0.4146669051168623,-1.0833239396040304,-0.07734561829091197,-0.008285536335806169,-0.024970308083313554,-0.04193394744158116,0.05531565317995227,719,38.24883753167169,37.611816
0.37698831218682277,-0.9864270753005581,-0.17965866933471908,0.00014769843163452308,-0.0036099789683250254,-0.04933964856217833,-0.09476097619274046,720,38.07805398539043,37.620907
0.39666010260018325,-1.1258261924402309,-0.051518649509547966,0.006257848117641187,-0.024900139449073672,-0.05941448304375756,0.06022294232816364,721,38.216195751733885,37.730003
-0.018742004172985393,-0.3437874381173829,-0.25779197915465285,0.010189638224287974,-0.12217226568464572,-0.14015796947282977,0.073339611497347,722,38.2155919162496,37.422726
-0.13088865746142467,-0.5343317753435106,-0.16869028651698326,-0.02489712720577674,-0.10974632890144496,-0.13240791106428226,0.08137030306181246,723,37.99512253969886,37.422726
-0.2802662163574178,-0.6924195746092991,0.017236268127369687,-0.025693905150221668,-0.0317731041429747,0.04551001110145723,-0.4036035244043373,724,37.643704277695065,37.353638
-0.5099383689915729,-0.4014039073140432,-0.10686253053426421,0.01973557048084167,-0.06739652535197764,-0.010932159231721882,-0.3341522084658045,725,37.603764193721965,36.673637
-0.5745834874865777,-1.2620276838228144,-0.13201173656268922,0.015557083345081525,-0.036054292315254,-0.05780288318319223,-0.048247021767157665,726,36.91954430133788,36.973637
-0.175044206120644,-1.5042493823030383,-0.21440840266554217,-0.012670440584361042,-0.08735288157250004,-0.05299267289784368,0.04840408877677333,727,37.01640042576332,36.760906
0.1109108144989215,-1.6261063091664576,-0.20756359702791616,-0.01274137218301683,-0.04636472006434185,-0.08024269371821896,0.04435277450971205,728,37.19695921997918,36.760906
-0.1826126760579686,-1.4283335621283897,-0.18102254949235663,0.00033437454533317447,-0.06778462716503329,-0.052402475122612494,0.04705517936819386,729,37.14994798707766,37.262722
-0.37430838865532184,-0.7980253831442056,-0.16017607003380255,0.010324610342198441,-0.017359410277154975,-0.016288843280867032,0.04612649776466794,730,37.70500733584602,37.864548
-0.1325052002273965,-0.8163027177048116,-0.09519239293924818,0.031096167578297505,0.014085730034297876,0.011620014011287132,0.06398780358858208,731,38.091503727471505,38.406364
-0.03730265796251906,-0.9274672968107436,-0.08587437792307516,0.03382155822011377,0.02259782528641896,0.006419287077960884,0.06787764995646632,732,38.094786310975095,38.406364
0.3197500988442464,-1.1166570701418377,-0.1703827966771118,0.021125184195099882,-0.025349517207429614,-0.09185410278309629,0.0521987164593813,733,38.003544835819774,37.924541
0.15506519769541327,-0.9528772220265179,-0.20959045118874278,-0.00019913959275220494,-0.0853396293431039,-0.05172067910415491,0.05356204783917503,734,37.92361444740984,37.924541
-0.22831554846626606,-0.8597721293529687,-0.11061889560376179,0.016162508684524186,-0.0003000734868002778,-0.02024222292271359,0.06267276730093567,735,37.87430072928346,37.784542
-0.08961315814492876,-0.8155379240036239,-0.15770241823481246,0.003650693026088306,-0.09758753234428447,-0.09555218803092062,0.07333867674004006,736,37.83571047213807,37.784542
-0.905880490526203,-0.6580785994325291,-0.12907061951651858,-0.029817199148205666,-0.05115802039307622,0.004835686725762673,0.03932392756045146,737,37.28486900840017,37.155453
-0.892597181420531,-0.44465558586733533,-0.1388276368204662,-0.03294667056731652,-0.010648881592980573,0.021261964284586116,-0.11765237528859941,738,37.39864795585786,37.39909
-1.4732914629767535,-0.2630058849609558,-0.04736586015035676,-0.09222975398454411,-0.06843793897567745,-0.026723537829907336,0.04627288478256811,739,37.089932769034924,36.891819
-0.8103871025165366,-1.0353896861401182,-0.0801706400534946,0.015047980332488737,-0.00810382228080166,0.031417852946412646,0.0371127635657145,740,37.16424166898416,37.106361
-0.6369130165958925,-1.086777197634515,-0.12130256731431557,0.010279298767849115,-0.07214077513016844,-0.026944608361576593,0.040134981751191595,741,37.12105043861309,37.106361
-0.6584338500552114,-0.9000436759018471,-0.08149681378145718,0.005540812148582861,-0.015934673004612588,0.06220152616820635,-0.23659129624602693,742,37.18995635245815,37.560905
-1.3835811034447854,0.37351827224051887,0.11281309258475608,0.011992734412738565,0.0238695710864251,0.02623216532869674,0.0841921151984283,745,38.263751170537276,38.686363
-1.1318616416269036,0.45594314059213914,0.12077081782694901,0.014234406728055265,0.022487596558816953,0.012817099465933039,0.09300156666372227,746,38.60210730933921,39.422726
-0.6796884649357177,0.8908678543148978,0.13741325590905393,0.021029092164958227,0.06970105749703102,-0.05743022386707287,0.10625638222638971,747,39.50286327644005,39.093636
-0.551138231792867,1.0041996650295562,0.14864367143117843,0.02729032468159148,0.08301120071455645,-0.01038821798459994,0.12559502344478413,748,39.841927758654684,39.869999
-0.3317514810346889,0.8719339985648212,0.12774144502651757,0.021592159541956278,0.10274721943990713,0.019176694895627535,0.12275558886300555,749,39.94890994842766,39.869999
0.1802456630774877,0.9906697755012547,0.20808615539412575,-0.0035456386758232275,0.07177636931646637,-0.012663550031084582,0.12446970162747154,750,40.5737527993404,40.364544
0.5572471648705289,0.7292623650598483,0.2226423990448509,0.007677293324937845,0.10651445883504719,0.068228210380977,0.11206569338739113,751,40.818351908034074,40.120907
0.20489756823106126,0.8021778990039995,0.1777607216856533,-0.0009277873231209286,0.07260631276851962,-0.003190802020977942,0.1214308419629587,752,40.38946907743861,40.120907
-0.3978554249609023,0.8959700662952627,0.2060153027646252,0.06034661958476925,-0.00718588908453341,0.053873070724310496,0.12940789297320232,753,39.95528596142727,40.120907
-0.5648987388923851,0.7209015220181492,0.038403675422936795,0.019549877941297887,-0.1438278605268714,-0.0641878592643345,0.10123656296291217,754,39.12189150279222,39.046364
0.31804757273088435,-0.7809660516078912,-0.1110291839372964,-0.019921200309565488,0.0028819329330887168,-0.014825574314299716,0.06534245824999814,755,38.47424427687541,38.186363
0.4744763231941671,-0.6929033670323521,-0.1650485410835312,-0.06067508205458552,-0.08469451292574734,-0.0430457550056564,0.06450437341492417,756,38.50732776163769,38.248184
0.4319909373056411,-1.1949703291309821,-0.15788794672874917,-0.015038886608277242,-0.047824476562724795,-0.05853295898719521,0.05149506767311721,757,38.023945730091356,37.982723
0.42312877185195624,-1.1609822934997307,-0.16398101207068275,-0.028697346327766347,-0.04678048582587422,-0.054278514180510384,0.05171989306528601,758,38.034843336143176,37.982723
0.3704913433929046,-1.0241928825722628,-0.19837878086412056,-0.013132464047174771,-0.05614478746473764,-0.1313907119134533,0.049025554138239884,759,38.01099159379988,37.777271
0.40453231411120405,-1.0680340193639641,-0.3194179835107031,-0.015224830654886966,-0.0386916866311586,-0.08009926032969544,0.048356190450302525,760,37.9461350472016,37.611816
-0.05884854081812633,-0.8965203622124323,-0.07513569711463508,-0.011980114248630333,-0.02132603130825368,0.02044228277754774,0.07676122260093349,761,38.048107082806936,37.620907
-0.13104474846646696,-0.8558509696796227,-0.1232851248866244,-0.00825066962477177,-0.020440797447727227,-0.010724136589491283,0.08029873223622917,762,37.945416608672026,37.620907
-0.3330408258445656,-0.39669906979465136,-0.07942421121122954,-0.04899139996401916,-0.015157093001433615,0.02021811501382035,0.10607437930646783,763,38.26769421763493,37.651817
-0.9360007383650214,-0.3070191281429799,-0.0843665308699846,0.025138941260583445,-0.005108577981773389,0.05610359015078369,0.05856029874058321,764,37.822022177922705,37.651817
-0.7530345633629701,-0.6242938350198595,0.09962503066813501,-0.041906562028055344,-0.039795928027625375,0.10106888888703652,0.06460717749705251,765,37.82098453174424,37.353638
-0.20263992232902073,-0.7658406479936352,-0.17377119067716998,-0.02041185911786992,-0.1253152294577382,-0.11482783320626658,-0.23160844129396227,766,37.38029919905483,36.673637
-0.5669107589197315,-1.1430857730031128,-0.0987872609298937,-0.0002800087268180595,-0.047189397495869076,-0.08008792052300306,-0.23573107456550887,767,36.842642128966574,36.673637
-0.3426224973901675,-1.3731718589956146,-0.15569448761627083,-0.02373705086548443,-0.027171297136114665,-0.041002692892701975,-0.08143318696286386,768,36.96988125127129,36.639088
0.0954492885858129,-1.6350323553492587,-0.20055291910324574,-0.018150514190483552,-0.04005038025758723,-0.02902715466895657,-0.04248628709038109,769,37.14486400105639,36.760906
-0.0011029097657642211,-1.4782281676444875,-0.218223511010362,0.013264471285623832,-0.05864150321379219,-0.057666489943010005,0.047696245834931844,770,37.261812458673624,37.262722
-0.16955150439245897,-0.9683073988497924,-0.20617144994535982,-0.009575679199873737,-0.10106639083156725,-0.023124154495587537,0.054519699138624006,771,37.59143744455445,37.262722
-0.42686929600095336,-0.8493464534136351,-0.14618720383997702,-0.019403061775646366,-0.08888783678241034,-0.03973585915373915,0.044181555160845716,772,37.48846616732499,37.499088
-0.2992209809102283,-0.96964320587611,-0.11786997884483306,0.0016464057907036613,-0.0037574222733938968,-0.004552784138820856,0.05268483479151523,773,37.67400119166931,37.499088
0.31643249813955615,-1.1671559507104166,-0.17973161900332282,-0.0035687331127496943,-0.055977399777420785,-0.05287466211904078,0.0520831498078903,774,37.923921606355016,37.924541
-0.09289195126634167,-0.9356014690981719,-0.19361967974357544,-0.003986090692346719,-0.09422839422129042,-0.052986726934462214,0.06041925576865808,775,37.70181926694298,37.924541
-0.27364508476971816,-0.9169810645690567,-0.18133200696481455,-0.008330015339176131,-0.03596836049818722,-0.03901839109734562,0.05652911639123091,776,37.61596851628344,37.489998
-0.5300804283603707,-0.7372442423934067,-0.2099086805571787,-0.0010740528028696655,-0.04754600916258673,0.0022871527731539725,0.04418072580786043,777,37.535328788435095,37.489998
-0.7328263567510831,-0.681049803686674,-0.15003029113772526,-0.003980014109418141,-0.0019085260492204105,0.000396858365290968,0.04001224619500112,778,37.4853284359567,37.155453
-1.0487381916083671,-0.4529851623245263,-0.048435438481330674,-0.09006841949507616,-0.030782647225408025,0.008806364644595818,0.05403775383445013,779,37.4065485824749,37.39909
-0.6695308300485121,-0.9431819696415318,-0.07417860250770773,-0.01128453744770171,-0.010130775928546415,0.032870534167788415,-0.043287106972797584,781,37.295991034751495,37.428177
-0.39041424481225584,-1.1235381572359076,-0.1685195881175883,0.007047835122611426,0.0021096259097465554,-0.02262114085531212,0.04834340632126186,782,37.36712205946307,37.428177
-0.31086668581078897,-1.1773741046938186,-0.17181614567293202,0.010257447184007997,0.010704829249444684,0.028527291448685693,-0.006892980120324703,783,37.39725397471475,37.560905
-0.026053334065715347,-1.213873960178287,-0.07790599517249197,0.008876836241736371,0.012358881395951244,0.04115234104690585,-0.32810403896150325,784,37.43116505343713,37.560905
-0.7039473975778814,1.0682577827851154,0.12929883257105493,0.014975327828472098,-0.014530306187034936,0.032939192224548705,0.11290033135221395,786,39.65460808612697,38.686363
-1.0921623380023122,1.0186929012458874,0.12684582518460022,0.013435298977327781,0.05904947862078375,0.09759880080748876,0.10291584990669221,787,39.341090139871,39.422726
-0.5516076166040796,1.2518555054169376,0.1334572889442994,0.018212366731901707,0.015100170232494067,0.04576607707522285,0.11892320202553829,788,40.04642131695282,39.422726
-0.38732451156248815,1.2541391064941356,0.14803440693677006,0.02547998911030948,0.09104490293700739,0.037040739419943264,0.12449359964284634,789,40.307622556109024,39.842728
-0.6474050152899443,1.0434453851083678,0.15751602554944205,0.024761778392620303,-0.020177716103398403,-0.005693978728139063,0.1210852989486914,790,39.688246101008176,39.869999
-0.001087748125125965,1.1315951464787912,0.23324285420980892,0.009752003634419368,-0.019385550427703145,-0.00836392444197672,0.12487777972297204,791,40.485344884181686,40.364544
0.26713500807221197,1.0801966137466479,0.3944124685845206,0.03318944327780734,0.02459007081273355,0.028236405653207414,0.1248010036401154,792,40.96727533691777,40.364544
0.5752900475489675,0.7872691292322962,0.11943147303986941,-0.053101166109819214,-0.04305628522500818,-0.007552166894794015,0.1200665288896917,793,40.5130618836117,39.900906
0.5934107403337704,0.7025038712980919,-0.03623195686430168,-0.03491826940358658,-0.006963974108002183,0.05159323575592771,-0.6199945481180019,794,39.66411342202442,39.900906
0.35104761235289716,0.5185261185755862,0.09992631470817602,-0.014876572219783616,-0.012660537941248953,0.05453915160635124,-1.1945720142443772,795,38.816644395968126,39.046364
0.5277268578971221,-0.7209665092578302,-0.0903685623222643,-0.06097745660676211,-0.017836075129655404,-0.012511123602753678,0.06909021144186209,796,38.70887166555016,38.186363
0.3254280175319563,-0.8022195830767945,-0.09594436471744902,-0.031897211266509656,-0.0339274341747887,-0.01723368663146428,0.06552495162926873,797,38.42444501242469,38.186363
0.4680747944556781,-1.1095359935515505,-0.18354455222869764,-0.000696754025867072,-0.04931249434729897,-0.05301758124394966,0.0519300434462731,798,38.138611785635085,38.117275
0.43177486175825536,-1.0748393124793783,-0.1819967969429459,-0.0004662419892961405,-0.03569222441321808,-0.04489908684732348,0.05223873071584535,799,38.16083425293241,37.982723
0.4253377019575499,-0.44787129699765027,-0.2449091840684115,-0.026959794404515448,-0.1965710326589963,-0.16665981867833404,0.0735578159221174,800,38.43063871420223,37.777271
-0.2960226022180124,-0.26850427641710534,-0.2192378528304645,-0.05385822353463812,-0.03795232074349235,0.013628790458174745,0.09670261286527429,801,38.24947045071024,37.777271
-0.7801924710138421,0.4211287458762838,-0.1706793966405969,0.003676288812576396,0.05197155927847814,0.035941989434566335,0.08800330395222593,802,38.66456434283023,37.859093
-0.7160481594165714,0.3559944663433791,-0.12353364200201565,-0.0560127074182097,-0.15119709713716545,-0.0664615056904151,0.08302817469421964,803,38.34048385250372,37.859093
-1.2594938471673043,0.040117616108443416,0.06765243399781044,0.0019022922443213085,-0.010110711180578106,-0.026414203068465914,0.10156868788856735,804,37.92993659195328,37.651817
-1.1554796578369246,0.1160068172098219,0.06970818763056584,0.000885819904725543,-0.014431276628025843,-0.03546384515643635,0.052803547347395605,805,38.04874391560162,37.651817
-0.14144235587502485,-0.5031415771044133,0.07280681321238638,-0.050963163729221016,0.0434128764979197,0.03460861827728608,0.08869927080821202,806,38.55869480521766,37.624538
-0.059931736171694,-0.7947941977289866,0.02508995553857446,-0.02597040140137296,-0.023038007802725236,-0.09419028086110232,-0.4485540040014683,807,37.59332565070173,36.964542
-0.12690883296090705,-1.5990846962410477,-0.10277212141832055,-0.020232118606773934,-0.0681939970278638,-0.026067439651598637,0.05217541945458443,808,37.12363053667857,36.673637
-0.1852274595790538,-1.3455572107209022,-0.11969248793850558,-0.031934568175064466,-0.019455505662263225,-0.031161393309495886,-0.21846849261402373,809,37.06321720513121,36.639088
-0.6639709023018943,-1.0400564341741263,-0.08805024717576322,0.020436814142190774,-0.008713473086792189,-0.025578664390469956,-0.24916123488475403,810,36.959620181258884,36.639088
-0.26657217682106815,-1.2335905625562937,-0.1277671009108978,0.0037560745928141483,-0.007955384475735123,-0.030159227515982153,-0.22692406401681625,811,37.12550188142652,36.884544
-0.3598948005650286,-1.403441468904156,-0.19140375762878542,-0.005383839962672613,-0.07789374268774253,-0.07359872759460798,0.04638074894133304,812,36.949478734728814,36.884544
-0.2492620313694618,-1.3139152169979422,-0.17795525755441682,0.012425821808979708,-0.0424998806522352,-0.03261434512279167,0.04903019473993178,813,37.25992360798258,37.499088
-0.20804516873608228,-1.3564868282566283,-0.09682624587371057,0.008078064446628784,0.0025263011768802772,0.02135969523257354,0.053581378038202926,814,37.438901519158364,37.499088
0.18772607018276632,-1.2532153073696006,-0.22734922530979118,-0.021775541349225304,-0.07048951125604909,-0.04505833297197448,0.04829980337173458,815,37.632852278428366,37.23727
-0.4655080730268658,-0.7623352500291306,-0.18387607368486208,-0.008521521041685779,-0.04408720610333773,-0.03555418323672042,0.044808272850899215,816,37.5596402888588,37.23727
-0.5426881439526667,-0.7538188662481591,-0.09508616324613992,-0.0023231513024506933,-0.0283591039057506,0.00795201233918686,0.048319205495506924,817,37.64871011231005,37.489998
-0.36877591599038917,-0.3574548178883495,-0.19148806342818334,0.012370307135057703,0.0008590734015011735,0.028093873920556442,0.08199141477389885,818,38.22031019505457,37.489998
-0.10802689689919055,-1.4968619535310836,-0.16771941295990883,-0.0068761629608763055,-0.010471274223047685,0.04531127314500352,0.046234150159118304,821,37.316304045860505,37.428177
-0.3474881583165698,-0.8051578898038314,-0.1147048007394766,-0.029811429775095245,-0.018997818896040117,0.009860494098258643,0.07162000823199506,822,37.78003472792975,37.619087
-0.3137970257303778,-0.6564634819747155,-0.12211371833128902,0.0018541088858414522,-0.03906220221764725,-0.025651420635570184,-0.33429948523172553,823,37.525181097895015,37.619087
-0.7891724461254108,1.0993300290828916,0.1386300409570486,0.01585853715581581,0.09199364500076086,0.018641882636723225,0.11170107440046763,826,39.701697086238795,39.455448
-0.5093209512222044,1.303166253329538,0.14392302594402925,0.020420131567203993,0.1049403039747058,0.06073046848426161,0.12194763986940543,827,40.260521195077445,39.422726
-0.490797083792401,1.3008962049647894,0.14479943982026897,0.021924591261703145,0.0833052060583344,0.03725783071341914,0.12222554203153767,828,40.234326054188166,39.842728
-0.5939617025976582,1.0031632090319205,0.13445174668604568,0.019248807888015966,0.0921045074274886,0.057610219669728506,0.11297822801560903,829,39.840309339251654,39.842728
0.1917446777210009,1.1203931312257127,0.26705739866327116,0.00032268082447821454,0.07168333389531685,-0.003955448760124362,0.13072457118392267,830,40.79268466788406,40.168179
0.26023046766827784,0.9203587912286065,0.34211077326172956,0.009870636659511252,-0.06526139647872059,-0.09990093097836474,0.12083832174630692,831,40.502960986237895,40.168179
0.6833774240997266,0.6833819441226807,0.11430814440873305,-0.04755487375634827,0.03137921066143613,0.0018125348300330267,0.12088886792859192,832,40.60230757542539,39.900906
0.8430821687053772,0.5697877933087508,-0.508894047499044,0.05356293454834818,-0.014207958921282206,-0.023905703930959084,-0.21200915316817628,833,39.72213035617351,39.900906
-0.14691734145493415,-0.2512869725238116,0.043292814820892575,-0.011086024618827923,-0.004291270554452642,0.12692776012437842,-3.3491091946326557,834,35.42224409429113,38.18454
0.24310113776284906,-0.7642907783588346,-0.10410463539913752,-0.04320027479581975,-0.005329441803934792,-0.002864430137907986,0.0656449678960568,835,38.40367086829372,37.988186
0.06701065176463541,-0.6836328598272533,-0.07965361944673167,-0.015408426574443579,-0.01447071995664217,-0.008245615159469316,0.09178882875503136,836,38.372102562685654,38.186363
0.42259784382506865,-1.1295491932867754,-0.10782091240965526,-0.013722016581541763,-0.04067553640890896,-0.05767970333718077,0.053922027097555884,837,38.14178683202908,38.117275
0.4299198581113569,-1.1140931472232205,-0.15879630291278185,0.0067048326946718565,-0.013627369625469827,-0.03772692915179708,0.052258646014739576,838,38.179353911038,38.117275
0.4219320295031595,-0.4746583980463655,-0.2549756292061312,-0.01054462044390575,-0.20693179270344048,-0.17571096951257403,0.072700951139081,839,38.38652589386031,38.004551
-0.29346854417455986,-0.2364042943597172,-0.2049972912315966,0.03976003731484471,-0.053360398199532484,0.006048473616972681,0.09608409921898338,840,38.368376405315864,38.004551
-0.7161249375822083,0.31065984646226846,-0.22982477326849698,-0.04636565959511896,-0.14452553896354098,-0.07164653952748,0.0790467145392377,841,38.195933435195165,37.859093
-0.8265230498129507,0.3550240833937405,-0.20790072559961248,-0.057095899012030125,-0.12643577072931453,-0.061510706741618716,0.07829710337372844,842,38.16856935800244,37.859093
-1.215012824153147,0.026376680288464325,0.07118544052717418,0.0036231769769244555,0.07412621358887093,-0.014829215012155351,0.08974710132983899,843,38.04993089667648,37.949997
-0.8093873889429283,0.4443645451205546,-0.06918589552215285,-0.009654898365672028,-0.06435757154787816,-0.021270899946637136,0.09437008050625288,844,38.57959229443207,37.949997
-0.31597122935190064,-0.33834779009120813,-0.19280477846282548,0.053384421397791045,-0.021964976326612158,-0.04348682804700983,0.08722350158459652,845,38.24274664383333,37.624538
-0.6845093939499708,-0.6095117034495021,-0.09755539473247422,-0.06529468652301168,-0.08838640939770256,-0.0193985695920288,0.0631638103653196,846,37.51322197585117,36.964542
0.46359367203097296,-1.5264041046435703,-0.058147234769081305,-0.0031486003398233636,0.008345196411037878,0.03537869095131868,0.056041125008739166,847,37.99037306778008,36.964542
0.4175555235938863,-1.4565962724185246,-0.14142742998623667,0.006249745615239422,-0.04984492999996356,-0.1583528465138001,0.054244003578373605,848,37.68654211699948,36.800907
-0.34321179594964263,-1.379266396340164,-0.18430377905296308,-0.02217375367243885,-0.08107309441899542,-0.05373233378032087,0.04850215753701892,849,36.99945532745297,36.800907
-0.2066395582407184,-1.2879614535610302,-0.21506223023578183,-0.018730864393068918,-0.06495461173213772,-0.04661282354825558,-0.05278662190627846,850,37.12196615951323,36.884544
0.4810601046544975,-1.3075499216090352,-0.10807160428456156,0.02622953857109916,-0.06624125086310066,-0.06723001665590346,-0.31937211235560375,851,37.65353906058788,36.884544
-0.2356537080971821,-1.2753353387786572,-0.18191853184581633,-0.010586975946541679,-0.052164835877089664,-0.04342117407225289,-0.027983444932626823,852,37.18765031358035,37.126362
-0.38681050139067225,-1.3181361324387466,-0.1562597739769728,-0.0019702223373291,-0.03710342000853051,-0.054033429133447455,0.04702911596495751,853,37.10742995980978,37.126362
-0.18217777432949098,-1.22633594261942,-0.16450967741780026,-0.0007450088311844206,-0.06832672559215454,-0.057478524047667345,-0.17879588353580841,854,37.13634478675696,37.23727
-0.48960585705981496,-0.7669871754425776,-0.1730040475660882,-0.0017699867852810397,-0.11497353257126922,-0.03507434383764701,0.045045523152999034,855,37.478344903020826,37.23727
-0.7107839186294393,-0.7040542249168231,-0.11251139838890405,-0.003318457580071053,-0.006055890572505062,0.00203991466235261,0.04170859797256436,856,37.52173894567769,37.459091
-0.7887702512547591,-0.5231847281912837,-0.10915160838673231,-0.07903901573151952,-0.04243701801505525,0.017068846731584385,0.05762928024317794,857,37.54682982852594,37.459091
-0.6719707745822227,0.8787822620580935,0.13962786459990392,0.020634515381059565,0.07143220080281895,0.03788550287321283,0.1192430887503183,862,39.61034898301371,39.455448
-0.8206952162259811,1.16118049591512,0.15195392481838468,0.018287608503603288,-0.03766116266559505,-0.0014432169487298794,0.1258810511250656,863,39.61221780765235,39.455448
-1.2178297364142971,1.0626018388075273,0.1340907002354513,0.015518119592052626,0.12148170553719191,0.0936782199124167,0.10633349320130552,864,39.33058866400215,39.506363
-0.7752683968122899,0.7804145135515893,0.11406922741277145,0.01676861640643014,0.15522760790822587,0.03704944831827478,0.11735060029916819,865,39.460325940214716,39.506363
-0.38671014754919764,1.006964073782014,0.14020551224158684,0.035593556996202355,0.10729063950488485,0.06094334894629889,0.1377160183219545,866,40.11671732537425,40.168179
0.5591410978038923,0.6362287364708948,0.07407058021948099,-0.007718516849113372,-0.023870992180282373,-0.05357244687652333,0.11703839479072392,867,40.31603117650957,40.168179
0.596073210584539,0.600041781922145,0.051487994815229574,-0.039285609808446885,-0.010803420203118063,-0.02971388962226117,0.12031744281437216,868,40.30283183363294,39.540901
0.48571890946602525,-0.44992230904135666,-0.0272142073096601,-0.030084421341020386,-0.055750737537124256,-0.1373611294818602,0.08873731498969686,869,38.88883774287522,39.540901
0.5095469567270378,-0.44774382921111217,-0.16241781813906864,-0.030258214631574677,-0.08536481497530551,-0.13563752077315974,0.08047289147043633,870,38.74331197359775,38.18454
0.4454681171784619,-1.1086438509036438,-0.19211112196346386,0.011845817334327182,-0.04688641027887776,-0.07850468791037267,0.05242577701739773,871,38.09830796360433,37.988186
0.44960131338670534,-1.088925075618483,-0.20267335747762388,0.0033795417098378662,-0.04655736445205263,-0.02362237106966842,0.052244287064867063,872,38.15816129667406,37.988186
0.45521046384046704,-1.0753017241192213,-0.1379938210926372,0.009070798071086766,-0.04861694836769003,-0.059602931986151145,0.05285244748297909,873,38.210332606959355,38.064545
0.4184943977034143,-1.1404170733525578,-0.21122209493876432,0.0018347537728597436,-0.026859534396477175,-0.0829809436528235,0.05129330249487214,874,38.02485713076103,38.064545
0.44470090592951733,-0.8550517364862708,-0.23951864529403294,0.032564395220467855,-0.03915497574344545,-0.10894331293035205,0.05468746470643977,875,38.30399841853282,38.004551
0.45859429629390874,-0.8130563778938643,-0.1876544798481508,0.039697794033555986,-0.05084794826831133,-0.07397684199494928,0.05561053890254021,876,38.44308130435521,38.004551
0.38535461367019097,-1.0152207713097343,-0.21693881287394778,0.009381585807284275,-0.061626588187947015,-0.08606349374079637,0.04975730265509477,877,38.07935815915064,38.022732
0.1674907419003157,-1.0393430546101057,-0.06503732122611795,0.021132790911010207,-0.026109169538702542,0.018100030182977647,0.06360482647721544,878,38.1545531672271,38.022732
-0.6706648260024994,-0.5752438347038148,-0.025483962721209515,0.05948505115938102,0.026112468974755172,0.030387620260109684,0.05384547231450773,879,37.91315231241173,37.949997
-0.6198010890406127,-0.5876262285922343,-0.030594457488839627,-0.0013028810938544172,-0.032672150084079574,0.029794764227575172,0.05335157001244176,880,37.82586385107089,37.949997
-0.4843234213557193,-0.8036318275333147,-0.09990833552934442,0.0072241681165161505,-0.007981373020351287,-0.010586819710292888,0.04698810726677829,881,37.66249482136478,37.677269
-0.10540813153708879,-1.061733264250852,-0.18762621498283982,-0.026753984782179788,-0.12257615760920261,-0.04656403257243885,0.0549731427591843,882,37.51902568015511,37.171818
0.15137553707333268,-1.943345196592189,-0.09920328425682026,-0.009763867856640632,-0.010294471523764377,0.029668078291723916,0.048777867733552874,883,37.18192898599972,37.171818
0.3834353277567596,-1.7552467932153084,-0.11185007233004551,-0.01236323920543356,-0.004091591361556564,-0.015885893405978235,-0.14760357539072036,884,37.351108485978244,36.800907
0.02993078583601627,-1.7434209524258555,-0.21629039141652992,-0.02366223616416892,-0.012962501292545085,-0.014255785672884953,0.04514708021523801,885,37.07920032220979,36.800907
0.384853698766695,-1.7247856038000908,-0.1853531123603781,0.012569700707905935,-0.019557942442831523,-0.028904848865162792,0.046625453938874586,886,37.50016166907552,37.204544
0.35373306385994896,-1.7697024897652136,-0.2090484489210433,0.0204904503203875,-0.024937820742108027,-0.04792953035878511,0.045989575148389056,887,37.38330912267208,37.204544
0.16158573156248512,-1.645057942369643,-0.14334437979367132,0.0024004524339886965,-0.011130690126534297,-0.0059043672108661975,-0.1644466346500981,888,37.20881649297617,37.126362
-0.08763589458617653,-1.4821941161970602,-0.179614943717174,-0.008381617568142832,-0.04665605315612176,-0.05839128140304865,-0.017390267618088893,889,37.13445014888471,37.126362
-0.4104486946434738,-1.4564399320934442,-0.12176786569359417,-0.01677949385042413,-0.030476713855513166,-0.0561458364045544,0.039030016498759576,890,36.96168580308827,37.048183
-0.252125013836051,-0.8714465130691006,-0.2295178931532389,-0.027614958881816164,-0.10723419271574296,-0.0859244994399872,0.06735044651763346,891,37.508201698552206,37.048183
-0.0974204957615698,-0.7555055869562822,-0.20581458383526757,-0.03603561837944313,-0.018717769799299993,-0.024509714512593136,0.07576556485734338,892,37.95247611874341,37.459091
-0.48231656706589643,0.7630005758482057,-0.2193910610299047,-0.07020214532912855,-0.10514434838812321,-0.06172082096091425,0.09950073546492169,893,38.93844069166961,37.459091
-0.6953844298259251,1.0616597148897853,0.12892499108342295,0.014737159981994005,-0.011664549185360515,0.03306042641782352,0.11290774760859439,896,39.65895538410083,39.557274
-1.1508657052837536,1.0151807368780603,0.12563913400797025,0.0131982752800177,0.05832043427243664,0.0707614252729672,0.09892965768902434,897,39.24587828124722,39.506363
-1.4758931121136134,0.3766448460769306,0.10315417572298836,0.012367380450656539,0.05637704623055724,0.09742088367677176,0.08578688477962125,898,38.27057242795438,39.506363
-0.36950613361646817,0.9956153538055393,0.09228805081626791,0.01120212004372161,0.01568089913286827,0.01157399627763543,0.12482198877491811,899,39.89639059836501,39.951817
0.5037353421537836,0.7190702535001937,0.21117740166003693,0.007546863879384809,0.0950865358465658,-0.024551968222866774,0.1214533889009304,900,40.648232140848506,39.951817
0.524303497719787,0.6627294305281126,0.1580121373416917,-0.00024116402696870357,-0.028077713882447404,-0.07350176138727184,0.11530300704240184,901,40.373241756465795,39.540901
0.515428282648493,-0.37740188478908787,0.007361713306888633,-0.002514887970006024,0.053290324515822524,-0.08275776656647334,0.09359404087424028,902,39.221714145150386,39.540901
0.4729293254887363,-0.5842201451593326,-0.09011889994644223,-0.006200082113656807,-0.17189624270377768,-0.1950037989526096,0.07959290775766996,903,38.519797387501086,38.220913
0.477487669111387,-1.0361602385106095,-0.14793712084520128,0.017825393205510118,-0.013132695112120738,-0.06674741575907935,0.0534707489870694,904,38.29952066420743,38.189999
0.43872920937308324,-1.1308338686013872,-0.09536853737002592,0.025747174778418768,-0.03184867147352139,-0.03126143795303585,0.05494769230007259,905,38.2448258841841,38.189999
0.4176903114445339,-1.0921268359419438,-0.16231750933979427,0.006456650648375991,-0.05146385066795392,-0.06549480739117322,0.05185721687944151,906,38.119315498762,38.064545
0.2691296630361938,-1.080857776929085,-0.19375540791531004,0.044683406454035735,-0.047211451501132644,-0.030990743458412476,0.05154741529580416,907,38.02725942811261,38.064545
0.34066825961677677,-0.7587149805410368,-0.2639020622829643,-0.02516425432246067,0.002815925568582827,-0.02798116991507032,0.05381136714630576,908,38.336247408400624,37.908176
0.39931578404977214,-0.8601872742496443,-0.2754097590506138,0.01990584337742507,-0.06110121723427614,-0.10059773861712498,0.05262374227481241,909,38.18926370368086,37.908176
0.4046058884552419,-1.0241741005178637,-0.20317273130328023,0.021274995234417803,-0.06702569199388664,-0.07772959259524578,0.04988320456967557,910,38.11837629497956,38.022732
0.40929191702696427,-0.9361075962775706,-0.1724874020497949,0.018278564878686628,-0.04325884550074855,-0.11129404265921213,-0.05528615909789074,911,38.12385075945097,38.022732
-0.13901203636937287,-0.5857595488714025,-0.21928726110147512,0.06596659670117744,-0.11909191030691298,-0.04886191095297483,0.08418231885059715,912,38.05285057108011,37.817272
-0.12264450598019092,-0.6260356366931249,-0.23687864450989854,0.05659882592707487,-0.11964901075456232,-0.06354299358458984,0.08522387648402402,913,37.98778623401922,37.817272
-0.0087699583274505,-1.0145503079765672,-0.20796097688232182,0.008718120030207709,-0.0924963545792912,-0.05097708228661099,0.05482200513816926,914,37.70349976824664,37.677269
0.20910588489644627,-1.1593360529481491,-0.15443183906337096,-0.0049131397991651685,-0.09218242961834376,-0.10174097625320873,-0.045485477655439574,915,37.665730292689254,37.171818
0.23620554466120536,-1.70319046649218,-0.18136713602515006,-0.004150257755233537,-0.03677848101909156,-0.0377561741901338,0.044371085664697864,916,37.33204843797461,37.171818
-0.43086979160374206,-1.1460062024830375,-0.05529699517159575,0.010482016770928589,-0.042668476991843965,-0.0641166185392572,-0.22144215756289962,917,37.064796097549056,36.999092
0.07483771079890263,-1.7144182339449192,-0.21728289742427706,-0.014777339846486846,-0.04468512937503761,-0.05684871008373177,0.043527743988631275,918,37.08506746724363,36.999092
0.3824498466493494,-1.7523447237448522,-0.17089473787464443,-0.002009106809391644,-0.028570274568656268,-0.05160650840149657,0.04628116789912653,919,37.43801998627996,37.204544
0.3983216201341368,-1.74978660748447,-0.20860715052562645,0.01636591896681629,-0.018991075491615255,-0.034104242671592885,0.046828050275301236,920,37.464740836333455,37.204544
0.3941881014782061,-1.6389979908535246,-0.19361427028146808,0.012562539056774253,-0.022881459459905374,-0.032758457407736044,-0.08099412881472791,921,37.45221865684809,37.382725
0.16556626673053398,-1.576627753390018,-0.17941232868814036,-0.0016651303193315652,-0.014322025204445485,-0.04329123919048314,-0.15509676537071992,922,37.20986534769791,37.382725
0.13031879250749728,-1.7709827568552103,-0.19682273124788183,-0.000775970131956347,-0.023292438324962163,-0.04880747046184404,0.0432067133553413,923,37.14755846197152,37.048183
0.43241041796165874,-0.7290229257807572,-0.10053374689924184,0.006023661138644196,-0.0443893906948278,-0.12044252570213178,-0.2570172183414859,924,38.20174259481235,37.048183
-0.2735518795952601,-0.6573808752110558,-0.16002964267974956,-0.007210085855736112,-0.03259219248284622,-0.04655873866825988,-0.42582880973741055,925,37.41156209890017,37.535454
-0.1004936199519176,0.7150242120212473,-0.33994870897757967,0.011975132854504288,-0.04840110121430696,0.025464112259821793,-0.732601597251424,926,38.545732752870805,37.535454
-1.1378272889632175,0.45210265854538234,-0.09970136595675443,0.014377768624978615,-0.05271997024411798,0.0074218581467126515,-0.6351807472854338,927,37.56318723599805,37.449993
-0.6407806910867017,1.1634445326000242,0.13216895186905517,0.014447459015624926,0.028225610796530153,0.03057508911033058,0.11469077081341765,929,39.8574860462488,39.557274
-1.2868339542144847,1.0068265519339703,0.13127568609232868,0.0142373088783614,0.09663988283376243,0.08326267307419415,0.10127508149406185,930,39.161397553222685,39.557274
-1.278409094195347,1.000018968528578,0.13223071730129796,0.014371427741202243,0.1072277158615666,0.093509430310066,0.10202401635977647,931,39.18568750503765,39.173634
-1.2572114041962716,0.8198842074899466,0.11906690614046937,0.013294452616168026,0.14143720593028317,0.06901952367544698,0.10014539301546047,932,39.020350607802015,39.173634
-0.6419234776742482,0.9707304451355451,0.06705592661397683,0.010150006994770424,-0.012678065152170669,-0.003629545567924453,0.10487992074020189,933,39.50929953422064,39.951817
0.8235289408303201,0.48672684858369597,0.01809494094130207,-0.08992101540294427,0.012350272943072815,-0.02504595399178358,0.11477316714426135,934,40.35522152417841,39.951817
0.6480878608298445,0.44287135146298673,-0.10794878067776582,-0.07739838168278176,-0.02979606527884729,0.04490796885956944,0.11371629727277907,935,40.0491545739163,39.735455
0.5571875169878382,-0.5928629500078593,-0.005012435064039634,0.006761651344054972,0.03631180883067066,0.060057421685342935,0.07018742067028254,936,39.14734475757676,39.735455
0.5517559553786386,-0.6367540287198844,-0.015298983600661165,-0.002079403934950379,0.026395897418227034,-0.03307670341800019,0.07913963931506574,937,38.98479669556896,38.989998
0.45387124341566726,-0.7226983514104833,-0.20033667991842996,0.027292754965645694,-0.042274841517101765,-0.12222241224716683,0.06100018414949314,938,38.469346220568106,38.189999
0.47218860704077964,-0.7152427144833903,-0.18644726010023893,0.0333593674873942,-0.059115215204376896,-0.11066988741357378,0.05913686568769045,939,38.50792408614478,38.189999
0.353098925487651,-0.8146017343211323,-0.1178734802252752,-0.014531823838915206,-0.06318887608911729,-0.09353068509723396,-0.30653165710888547,940,37.95755499193757,37.742725
-0.01970510899788405,-0.6593708068156924,-0.13948591522370107,0.006650175300990845,-0.11730683788878044,-0.12547837962542413,-0.10036413941458032,941,37.859653310465426,37.742725
0.4363524600618876,-1.2229769229559235,-0.22539711095356724,-0.009883190889063097,-0.04953958534096954,-0.022225252763073928,0.05093125848168938,942,37.97197597877149,37.908176
0.4874434692612661,-1.2786915659314617,-0.1990826333382517,-0.020645513647337438,-0.049874814476976205,-0.07836108695234098,0.050147400257393476,943,37.9256495783028,37.908176
0.5361324463356787,-1.1886601531923053,-0.18129729480709816,-0.01238869423786133,-0.059383727572697845,-0.018621525957781673,0.0520948121035093,944,38.142590185801936,37.880909
0.4585107433316376,-1.2232490606388913,-0.1691234442976641,0.013084570264990497,-0.026338151737105877,-0.08790113170135702,0.05160066636359973,945,38.031298514715694,37.880909
0.2783646107192013,-1.2478822830761782,-0.2014781969007882,-0.017976541276186107,-0.043229110117542116,-0.017660682226770866,0.04971163841105925,946,37.81456375866334,37.817272
0.17576462910948493,-1.179271942191721,-0.20297495704666818,0.01783291266418259,-0.04210416784581172,-0.06776000008474803,0.049610920382252836,947,37.765811718117476,37.817272
0.14029651169299018,-1.4914504467181726,-0.21021831169478183,-0.0005802999338850049,-0.04085713986235933,-0.08535452057890208,0.04526900792600838,948,37.3718191239614,37.257275
0.09745695632212709,-1.4344979388097188,-0.22165695816527137,0.009813450392183672,-0.0494512369382236,-0.07857988988301556,0.04738108420850338,949,37.385179790257084,36.889999
0.1285692965352116,-1.8476737913140755,-0.1404232861416667,-0.017108181083696,-0.019873975225409766,-0.05358046197717674,0.045074729706105224,950,37.10969865362982,36.889999
0.11254692364986685,-1.776259703767762,-0.20487461219283679,-0.012335950778437093,-0.02501011826627826,-0.05090706344711009,0.0429613989848862,951,37.100835197312875,36.999092
0.38185352736329825,-1.7398486850611559,-0.1802567153730399,0.004275869532009816,-0.05003199114120822,-0.03463852702655902,0.04624157573222899,952,37.442309377156064,36.999092
0.46091050944165096,-1.7672334200195923,-0.08502755272429018,0.006464875513091597,-0.019341415641122073,-0.03215015265001362,0.04922038573247968,953,37.62755755278273,37.71545
0.4675786099736918,-1.6145717628613943,-0.156735386898542,0.017757888075636864,-0.02907230193967604,-0.02778624602997872,0.045968862116384984,954,37.71785398556662,37.71545
0.42312267154054606,-1.669974219110309,-0.19837829566461077,0.01980955579889211,-0.02581834469689264,-0.028350393135466133,-0.00033454943529530567,955,37.53479074842737,37.382725
0.4131351299242557,-1.2309097014108752,-0.15701738522930614,-0.016467191918013394,-0.06629752069538043,-0.07035614788667174,-0.2961925737272539,956,37.590608932187294,37.382725
0.27788154866805703,-1.2064684524510216,-0.17933303818682642,0.025328712666284704,-0.028923904698618465,-0.04795924225558661,-0.24999823884982547,957,37.605241708023,37.289997
0.33486033884893146,0.05630159596244807,-0.35712405594021884,0.017762208427529683,0.022745649558336828,0.08962239636925513,-1.485743086263381,958,37.69313937009343,37.289997
-1.0205565029581474,0.17332414374192978,0.2268375029727834,0.030632226993679592,0.08462692178376996,-0.028567480322188397,-0.024937601247583364,959,38.456073534094784,37.566364
-0.5933878302034965,0.16769959985921398,0.037544950262156866,-0.034087349817646675,0.03323635328110562,-0.03300897815064287,0.08823488515113473,960,38.68094595351234,37.535454
-0.7065890981969455,1.1521432872661015,0.13405414796557694,0.01514573745080298,0.049903616118753616,0.0313685176076956,0.11488035383739086,964,39.80562088517991,39.429996
-0.5514253659429805,1.5202313189961218,0.14599003768524024,0.017318446952908996,0.08709914223417407,0.04576025628952744,0.12904705054616183,965,40.40873520989165,39.429996
-0.6647311183545217,1.3629523755209734,0.14232628988335613,0.017093261464982863,0.03373280814588685,0.038508711319975,0.12502241623325724,966,40.069619067344384,39.173634
-1.3035680128026563,0.7899358857442899,0.10643432239226723,0.014152615892905831,0.0682858510253271,0.0462742019426306,0.09817274156374345,967,38.83440192888901,39.173634
0.1625253532341179,1.1642900704521315,-0.028239090341661492,-0.0661541490537543,-0.11464034909743727,-0.013553970965894946,0.12856027768706874,968,40.24750246504508,39.982727
0.5939239812406614,0.5132779401606515,-0.028829482325287602,-0.016090237604729458,-0.04875432339700261,0.023876952671849205,0.12035733196066188,969,40.172476485837336,39.982727
0.4630869485733221,0.5793009611989861,0.04175486738233514,-0.02516159941813576,-0.008695382716892856,0.013736777318049663,0.12484897317211033,970,40.20358586864026,39.735455
0.6515935436413793,-0.5380202161887959,0.017685115085475097,0.12308840927837142,-0.002397837210582039,0.0024508883342313336,0.08166926450185452,971,39.3507834905724,39.735455
0.6357282149381598,-0.5260286555322203,0.013454204088510663,0.11350136135166458,-0.01636626410070227,0.005622053066132104,0.07833142126554607,972,39.318956658207554,38.989998
0.517525499165272,-0.7308938604809827,-0.08223521610260713,0.03518723665936822,-0.003980638315316369,0.07575168301660506,-0.3833020252916955,973,38.44276700178115,38.224545
0.3955797492035795,-0.7016123522383058,-0.11146175235116469,0.03967073679795571,-0.039814318902308604,-0.008921072903090563,-0.33443766253154167,974,38.25371765020564,38.224545
-0.609729627100672,-0.2629778944447784,-0.059020685697695564,0.09981421567670203,-0.017295131218969164,0.03703879229894715,-0.3322410742757884,975,37.870302918368274,37.742725
-0.2922351274236482,-0.11663699401254914,-0.07422646545852424,-0.014436575274849518,-0.0009088179445009176,0.07546451321106601,-0.8729554670290399,976,37.718779389198474,37.742725
0.4360005158247836,-1.2579063273492754,-0.2003043338003479,0.0016001457621806386,-0.06995757487900725,-0.06800687909982692,0.050561975050598305,977,37.90670184463961,37.664543
0.4643522633315607,-1.302231461493727,-0.20606424092453696,-0.03513563456882352,-0.04483518652999193,-0.10315291323875131,0.04960113357754049,978,37.83724828328378,37.664543
0.4735549230386892,-1.2339758093233903,-0.1672074165738675,-0.023125462606735633,-0.05952854814246146,-0.05197429908942884,0.05117554774501741,979,38.0036332581783,37.880909
0.2799518507565678,-1.2678542851718042,-0.24956385191103975,-0.023345921502389816,-0.0615405213982321,-0.007172765261348488,0.0487094103076376,980,37.733898238949884,37.880909
0.4106939630024442,-1.2993299761821955,-0.19736700950159133,-0.01918121733590226,-0.07782415336557892,-0.04827877676432725,0.05006984491285176,981,37.833496997896226,37.56818
0.4545488042575807,-1.2569682427522635,-0.17428415442611392,-0.01655305049500151,-0.05195962724263771,-0.030001896942424965,0.05105224507983502,982,37.99054840060948,37.56818
0.3579737152051211,-1.5298951103236023,-0.20286049287707686,0.0058637142409448725,-0.03029746286224996,-0.02592487899101541,0.04678721800216559,983,37.63636102552477,37.420906
-0.030703906069541823,-1.5688842900338917,-0.23093772535247833,-0.03844948473167856,-0.07371689585178542,-0.0725703516256303,0.04596998231000563,984,37.04542165177553,36.889999
0.015314878923511452,-1.6268483843874189,-0.20336741237197728,-0.026434534375027165,-0.01875047155674265,-0.026058240510436124,0.04710040356497249,985,37.1756705624174,36.889999
0.2410727375762492,-1.802670116097545,-0.10794890001593542,-0.0025924116022973363,-0.026637771608942613,-0.007140001301415199,0.04650071623202024,986,37.35529857631262,37.35545
0.431095234562725,-1.8344535505922164,-0.08061607885483356,-0.014428549304256171,-0.03253340560460279,-0.023057654315872984,0.04883394107726881,987,37.50955426009872,37.35545
0.41681054123124445,-1.8250944004844456,-0.08602869743199928,0.012725511539796895,-0.024014889382295068,-0.043158019705828124,0.04815405235865869,988,37.514108421255685,37.71545
0.4738169790028706,-1.8050247893237628,-0.06267046212324767,0.02198596024819778,-0.022073898082950454,-0.03150629441300564,0.04928973825727005,989,37.638531556695874,37.71545
0.4386303463547787,-1.6649561371466481,-0.1526543311273525,0.029859351618014122,-0.021914087484953788,-0.022066925106981647,0.046440151218152974,990,37.668052691455486,37.664547
0.5033524664142963,-1.295952410925581,-0.18947731328412415,-0.037417894315488004,-0.059365355222254695,-0.08286169224141046,0.05015742771760063,991,37.90314955127358,37.664547
0.41118101681428787,-1.2784735037442738,-0.13478188449121573,0.013394126013484938,-0.048448016285904394,-0.0802662421409318,-0.3342518743869858,992,37.56306794490897,37.444546
0.18125184514171155,-0.07314641083584264,-0.14004686452891268,-0.016420023231009124,0.12300735477173762,0.10950161250285353,-2.397393708834432,993,36.80146812811662,37.289997
0.11274494513997882,0.3086641805025221,-0.5810900874549796,-0.013551678727769183,-0.051015534879702396,-0.0012841680862249632,-0.43375709889430314,994,38.355424880729984,37.566364
-0.03899138788708814,0.4518000975501697,-0.2553300937198281,-0.04300169462323014,-0.08771688985167161,-0.006386340452156205,0.10513546480159186,995,39.14022347894829,37.566364
-0.3825464456036157,-0.7901008068466464,-0.23706367715929627,0.01938366228436222,-0.054142082711310775,-0.005597473374594225,0.056291224635008345,997,37.620938724354396,37.253635
-0.6659828765239048,0.833012946751049,0.13931632739642477,0.01744710627982199,0.07086183078030252,0.055397585621238095,0.10645519123878427,1001,39.57122243467424,39.429996
-0.7092614790886081,0.7934682244858458,0.13262926866545052,0.015088839972503232,0.0659133401069616,0.03549996932099785,0.10347618944204168,1002,39.451528676035686,39.429996
-0.6170242876685911,0.7731954542729702,0.12820213745016787,0.016453614233425992,0.040874071667673505,0.03232103887739684,0.10591397926009433,1003,39.49465033122364,39.32637
-0.5980070759277607,1.0703880058898156,0.13748131113855258,0.02277699637160442,0.08798687906657297,0.03891502953072644,0.11488234039059461,1004,39.88913780959062,39.32637
-0.059816343073435814,1.0044047540926793,0.16541249163030786,0.0036082418992368867,0.020644086221068114,0.020532553761845037,0.13360611587456703,1005,40.303106223536794,39.982727
0.45461030824974363,0.9553035954411371,0.06864872609537283,-0.0130001326340725,-0.04325662454257767,0.041965934916687674,0.11717112114597879,1006,40.596157251802815,39.982727
0.7274333872835697,1.0612784502521846,0.047186351683253414,-0.06694019540228958,0.01342505502127777,0.02921470211725604,0.12347778730044318,1007,40.94978986138619,40.290005
0.5511347872545173,-0.3318493565016691,0.029040637304831203,0.0015211330102877679,0.03489145013006085,-0.11836936433117648,0.09146901459648167,1008,39.27255262459382,40.290005
0.5492250129310323,-0.33342682375216093,-0.052330487941612984,0.028150977940320294,0.0627833822096883,-0.07771935715082637,0.09444818656322966,1009,39.28584521393017,39.373634
0.5418077809491421,-0.8934923177415375,0.01183568738108162,-0.0015729080283853976,-0.00816931111290473,-0.0389256653498546,0.06290629516969701,1010,38.68910388439773,38.224545
0.42922522922553746,-0.856521423042899,-0.15740945436885284,-0.000704640994151999,-0.052398720926330765,-0.0481302201388223,0.05377328800842673,1011,38.3825483808934,38.224545
0.14093377268149,-1.1407318104003896,-0.19663438894359586,-0.04918148215871297,-0.05107987230338832,-0.09435837997866718,0.049011513089341686,1012,37.6726736751166,37.506371
0.28009122009322185,-1.2234554502578467,-0.20775974937674688,-0.04825388841571265,-0.047368091245424085,-0.10483944609983488,0.04958409808522829,1013,37.7127130159134,37.506371
0.5338284871140656,-1.2913836365144058,-0.11009844311514147,0.02212334826160576,-0.06673999597855675,-0.01689169443026483,0.055131860177812,1014,38.140684248645606,37.664543
0.5340857778293692,-1.1641080422263685,-0.14622761670879053,0.011243531084883684,-0.06053125242750091,0.03219243906075753,0.05371003400197818,1015,38.27507919374483,37.664543
0.33029530702991344,-1.0482636881456144,-0.30100626961142024,-0.012518023354291556,-0.05429208754392313,-0.10072218588362337,0.04656387561788061,1016,37.8747712512394,37.839085
0.3379029357532651,-1.1464296239591332,-0.05408009894708943,0.020259084421290388,-0.037841472817784265,0.006071548073496076,0.052969466969543196,1017,38.193566162624116,37.839085
0.2069422813811957,-0.9973827539690003,-0.023324517265420647,0.03225330937000773,0.008951796514415257,0.027323640572641233,0.06115846804415042,1018,38.330636547778525,37.833633
0.3733834769325425,-1.159365508877036,-0.26340150065440393,-0.05688275475982697,-0.059672091698482435,-0.09747089554976913,0.04821956840697876,1019,37.79952461693049,37.56818
0.49827705440730186,-1.1713603022547503,-0.2027045866137105,0.04220747570607875,-0.0157643273623322,-0.022979558580339926,0.05039610119915385,1020,38.19278617963191,37.420906
0.20466806731660703,-1.3162777089010884,-0.25024671507076884,-0.03761689564272731,-0.03778254285351864,-0.04422434250160075,0.048103929102582564,1021,37.581338114579985,37.093636
0.10858363216878163,-1.7737134565785686,-0.14228177772574024,-0.016038487439999503,-0.009149174881563459,0.0347882639452243,0.04591815490499731,1022,37.262821477523666,37.093636
0.3649607684612853,-1.6560321543734244,-0.16955623823796356,-0.005880146774756354,-0.03886078742125991,-0.058508226125608895,0.04596729752122773,1023,37.49680483617999,37.35545
0.40063835437682194,-1.5488076286478138,-0.10814683946059099,-0.02686710384971421,-0.050377740346110346,-0.037399965905383775,0.05133797974809928,1024,37.69509137904581,37.35545
0.4307640316966936,-1.5081424599891753,-0.08062541373706754,-0.01648005170494119,-0.0013035164552449897,-0.009257168578008885,0.052145043124855954,1025,37.88181478748764,38.110001
0.4923366299807167,-1.6507152162692988,-0.14629086391674062,0.016800947398627933,-0.013470013207886664,-0.02188749185940086,0.04656828553351495,1026,37.73805660079004,38.110001
0.4216317689362221,-1.656295680094834,-0.1306910734942959,0.01847122385004819,-0.02703824997539024,-0.0403457366761059,0.004501329405370399,1027,37.604947905081524,37.679092
0.43204895482672295,-1.5626521356342649,-0.1573057994212691,0.026487941301451923,-0.03353207122787435,-0.03669010996499558,0.046205226419266256,1028,37.729276329429496,37.664547
0.3126612751232889,-1.8397781033435225,-0.09801944811063569,-0.02047593554839022,-0.000762759491104087,0.012925273545312525,0.04827359577256426,1029,37.429538221078076,37.444546
-0.6078973946352227,-0.28902602164687835,-0.11630215113613626,-0.040360998517405954,-0.03446271185439517,0.039703746353069856,-0.37513732596121746,1030,37.591231465732314,37.444546
-0.5064373446100874,0.037386172741858126,0.07549541669135763,-0.004499763643671463,0.2411555345888188,0.08717215384951126,-0.767582312729049,1031,38.177404180019266,37.631821
-0.2006912011402193,-0.5119288865810513,0.014973604361355666,-0.012851693763725502,-0.013962301607302835,0.0760842683952902,-0.522324086443482,1032,37.84401402635139,37.566364
-0.7566854517762023,0.01229762979650637,-0.03547337594717131,-0.002004889371070164,-0.057296902424781734,0.019722373300861715,-1.0232801569728007,1034,37.17199354973589,36.65181
-1.2070919448812125,0.17596480086027935,-0.03185733905802202,0.009110756571916614,-0.04527333252904202,0.024554774446514185,-0.3974336529342631,1035,37.542688385606674,37.253635
-1.0124496492746216,0.08750478724068615,-0.13480334731939497,-0.05729373350471689,-0.04134782135294318,-0.007929455136349055,0.06576379904979965,1036,37.91415890283298,37.253635
-0.16477186692017098,0.7492821514811702,0.058489481970655816,-0.032547189564113344,-0.15578681404116393,-0.025478343124698186,0.1166431404652429,1037,39.560544883397405,38.389999
-0.6527520875916665,0.8353850776371065,0.13604040214535398,0.016854520396281193,0.0832776673955842,0.031183294427613733,0.10692141402233499,1040,39.57162461156313,39.479088
-0.7940829967143005,0.7014274047379556,0.12160033171798065,0.012390395812719094,0.01764606623765038,0.018692157738063823,0.10149338695941636,1041,39.19388106961998,39.479088
-0.668081785181207,0.7615771851003938,0.12408570200010523,0.014493851695723354,0.0028895454993386215,0.03012852281277349,0.10351302652543855,1042,39.383320371583075,39.32637
-0.42766329461892516,1.1096666358348322,0.1410785980762081,0.02533342508366916,0.12222796935783806,0.04736561961453713,0.12101943710244778,1043,40.153742713581124,39.32637
-0.1571271318640009,1.0665837651218266,0.18334818257637067,0.010352572281267755,0.07782431591298553,0.03072022374154192,0.13583728412295074,1044,40.36225353502346,40.502731
0.49935396468515725,1.1883800488151794,-0.012336517545967476,-0.02207845192292881,0.07420977807237708,0.032505898796627936,0.13235749551855164,1045,40.9071065395495,40.502731
0.7159954067208658,1.0652042776547397,0.03757840540601121,-0.0717725199880011,0.029537427656997777,0.04499504986330586,0.1270396232687882,1046,40.963291993713206,40.72818
0.6833808268702841,-0.12365701095402909,0.14097857055801047,0.01163422994549683,0.05086947392481036,0.11883089609215251,0.08838222865042254,1047,39.98513353821766,40.290005
0.6722663903579069,-0.17950354012226283,-0.02135067426715713,-0.02910436159429886,0.03866532738885858,0.09646426488481903,0.08694811474482698,1048,39.67909984452318,39.373634
0.4789071132783056,-0.9497476531492443,0.06260993781623911,0.026531373265671284,-0.020210224352041867,-0.05986899446147631,0.06427956787335465,1049,38.61721544340131,38.428177
0.4263252774478892,-0.8879407638483102,-0.19174295402099695,0.02781351646185432,-0.040767138152777424,-0.03669058635709237,0.05386727207826233,1050,38.36557894673931,38.428177
0.39028633247752076,-1.1804931893224282,-0.15160017644322393,-0.01629092833779032,-0.07041301639130183,-0.10428660230613722,0.051544104994075204,1051,37.93346084780125,37.506371
0.3176671823864693,-1.22753833365768,-0.23914992453706113,-0.031682808059001526,-0.05575633953354425,-0.0836996785195863,0.049687694743602843,1052,37.744242115953746,37.506371
0.5245603228331522,-1.313381610840943,-0.13199225036616355,0.02971541608512085,-0.03554190341802006,-0.05781903055420205,0.05528709345873799,1053,38.085542360328176,38.011818
0.5045199943018145,-1.413496098518658,-0.14588541224664667,0.030205158876263488,-0.03696099693864535,-0.058582505089093295,0.055388497201535485,1054,37.949902960717054,38.011818
0.4375074357843481,-1.1037071596200967,-0.04327800373049327,0.027448010184415644,-0.04178094714457813,-0.10879881924620044,0.05599702974391548,1055,38.23810186910179,38.382725
0.44850504307289124,-1.0040418043927928,-0.05283909139583557,0.01211013277051014,-0.02954166726767372,0.04367215103074648,0.056747538721644175,1056,38.48932662566999,37.839085
0.3934139212720008,-1.0130884060744263,-0.19495362837651284,-0.022801096863468623,-0.021759166631881616,0.026978269356197872,0.050560314093311715,1057,38.23306452990574,37.833633
0.34743205087342005,-1.1010129863341613,-0.32803851093054676,-0.005646144518630121,-0.05820509287265402,-0.06470777896940223,0.04856444686574546,1058,37.85310030724424,37.833633
0.3955017522136131,-1.2870177406880463,-0.2433143125038051,-0.035934991626330876,-0.05301328820731986,-0.005829632317779714,0.048734522774409414,1059,37.83384063277526,37.715454
-0.27783718111575023,-1.3167288711120335,-0.16727170794378757,-0.013085353713364242,-0.0034601693608394203,-0.010962820121500906,0.0488651516771884,1060,37.27423337144041,37.093636
0.003183243834809309,-1.629891918565531,-0.21838931950690954,-0.019150754899821397,0.004718858951452074,-0.016523856597848826,0.04728488642136923,1061,37.18594546276804,37.093636
0.2630219795724192,-1.6313656262277647,-0.1653998333152402,0.003860284646123902,-0.020223755078625654,-0.04432623899491081,0.044738583919728146,1062,37.46501971765225,37.599091
0.45069696090097683,-1.5348727552127128,-0.10211063614089753,-0.004845012829281649,-0.03059068662946435,-0.034623804393366556,0.05076592347463006,1063,37.80913431230037,37.599091
0.47874681632018473,-1.4314824188364086,-0.14168137749057635,0.002790183710398647,-0.03552807827199307,-0.024915237198188424,0.04984279751262476,1064,37.91248700887656,37.973637
0.4400275493528825,-1.6939822930354982,-0.14421042058366024,0.022243052925391565,0.014907514634034306,-0.016205590875165,0.046981353310178255,1065,37.68447548885867,38.110001
0.1227075630884233,-1.6125437141471122,-0.1631550586925802,0.0020578622888794904,-0.018368521224163905,-0.04193855679568895,-0.019570461353535528,1066,37.28390343629476,37.679092
0.0030058914288387793,-1.330802098990366,-0.16127316194776234,0.038649868793437236,-0.03857553195020027,-0.04130154658581861,-0.022736795597735355,1067,37.46168094828093,37.679092
0.3173614610536449,-1.680820166594734,-0.16569799596893173,-0.021087685963597766,-0.045832581795663636,-0.044077005726497406,0.04555752706849038,1068,37.42011787520319,37.291817
0.442522779006011,-0.6373771041493477,-0.1274926355262657,-0.005864202107928609,-0.048010002872161735,-0.15326540697513522,-0.4090708999874768,1069,38.0761568505182,37.444546
0.29067323070385437,-0.6340295643862062,-0.1157669790641934,-0.04051046768564547,-0.022083913036289208,-0.11257045570313555,-0.4945509116730768,1070,37.88587526228583,37.631821
-0.6063597722095003,-0.02173445179303398,0.1343695889383739,-0.002150789400995115,-0.03629554527603906,0.10169059257588939,-0.8099653775636843,1071,37.77426856840154,37.631821
-0.7882629800279923,0.13464277705808958,-0.15268701099293822,0.024737495147782177,-0.03869329643605071,0.005756579464184399,-0.563601652598327,1079,37.636606234745244,36.864544
-1.18269971761592,0.0008633024870412909,-0.368039620451878,-0.023011820986333947,-0.05377654387166776,-0.03824168248368122,0.060711081949937136,1080,37.410519322157995,36.864544
-1.0735773065983112,0.05445364875872662,-0.38755806303465856,-0.05037892280891604,-0.054017829255611584,-0.007595827437857494,0.06016991745018495,1081,37.55620994020405,37.848179
-0.9550646446220602,0.03293013651046784,-0.3507329054017203,-0.07816998794162612,-0.08901999694602697,-0.018175635894153146,0.058670920029539476,1082,37.61515220886494,37.253635
-0.6176230855026589,0.6405624562225934,0.008616272414172545,-0.03152269500880345,-0.16186853558793063,-0.07453412353690866,0.09686002457285049,1083,38.87520463670381,38.389999
-0.5502800848887931,0.8164579330068816,-0.004246125036117572,0.03939443990748001,-0.12724389869143737,-0.04534523218377187,0.10128263134219184,1084,39.244733986586944,38.389999
-0.5528271341357089,0.8970249606037787,0.13993317358875704,0.02088138138877707,0.1967006914621937,0.0645720731149749,0.11096797631162798,1085,39.891967445464914,40.937271
-1.4482252773198125,0.3432109517224312,0.11065302250841319,0.012430945081439848,0.044564435086229634,0.07004518526750181,0.08137963453135338,1086,38.22877322000804,39.479088
-1.2803866549403304,0.9050228010056031,0.12478166440027799,0.013752617279958046,0.06191244012271463,0.11219716053240412,0.09612376709991838,1087,39.048118118631045,39.479088
-0.7003150075855329,1.1421312663279413,0.13709024983168808,0.016050525585443648,0.022518363931722556,0.03139691930603646,0.11778300764758383,1088,39.781369648175385,39.802723
-0.4704596464829104,0.8556899620433815,0.11418747452631502,0.016641736960208986,0.02197802930068992,0.041677998022326856,0.11847106736143337,1089,39.71290094486194,39.802723
0.325290034774832,0.9572302549965682,0.03521223232371042,-6.357858989907721e-06,0.13734422412434807,0.061467640788385965,0.13894714097617933,1090,40.670199493255545,40.922726
0.5865731745491454,1.320891290814079,0.017692523594766245,0.07153239389172832,-0.031014299022705777,-8.902895703342227e-05,0.1377673217027489,1091,41.11806769970324,40.502731
0.9072117220369484,1.3112640337254615,0.08342864062801497,0.05615811479843946,0.01012550119583079,0.031376390149930905,0.1325675851846655,1092,41.546846310849816,40.72818
0.8893123476784269,0.6941666958672579,0.04980675892016882,-0.019554661077720453,0.03409665450050456,0.004853787441412114,0.11968212222982036,1093,40.787078028690374,40.72818
0.5405492771980638,0.588218590057685,0.1437051866999411,-0.015956708843909356,-0.02099668083410059,0.052395262086221354,0.11053775521512137,1094,40.41316700470954,39.866364
0.4697931395299867,-0.6182957003837393,-0.005823835717946755,0.029367887668574216,-0.05085254800247599,-0.15586299312942528,0.08273908186283677,1095,38.76577935495832,38.428177
0.4381230293934295,-0.49933395050643165,-0.1767660554699112,0.02647576230178145,-0.14160565480048906,-0.12598543310127996,0.0751736958490551,1096,38.61079571679666,38.428177
0.5372418798656946,-0.7399427612703977,-0.005401903081754947,0.0576586814445023,0.02043364583168582,0.026782587709847108,0.07341948134998785,1097,38.98490593498005,38.000912
0.4590768761883409,-0.7866701938452778,-0.1788530651186036,0.02215599540868297,-0.05503137921164251,-0.12909647715388217,0.05973320542126629,1098,38.406029284819404,38.000912
0.44645370000362733,-1.0334973940654948,-0.13900049697237357,0.03661642193113051,-0.031180259132064733,-0.024230336165796763,0.05383950282154809,1099,38.32371546155107,38.531818
0.4394380262499929,-1.0909705250359412,-0.15221277150735646,0.008786240019027,-0.043627407808337966,-0.04177285511626001,0.05297253560527866,1100,38.1873275655369,38.011818
0.4821973964520833,-0.8745146634441865,-0.009159684194475036,0.0014483939913507878,0.009060652235818834,0.051068672477626434,0.061283052298887086,1101,38.736098142947625,38.382725
0.4541053551908413,-0.9726189530831421,-0.0066167378192979655,-0.009822298904456671,-0.0061174904628662945,0.013308168294595484,0.05905247141050877,1102,38.54600483775668,38.382725
0.08453658801655109,-0.6975187259802899,-0.172920047482455,-0.02177781492535852,0.016501565018105808,-0.002146574567963909,0.08054752614706155,1103,38.30193683935614,38.204544
0.2611579083653163,-0.7156418738133077,-0.16082293989445706,-0.00679421935451055,-0.01526829900251381,-0.0011479687822375522,0.0622735251167188,1104,38.43847045576549,37.833633
-0.09598828892446847,-0.16982514240427027,-0.18488296408964439,-0.020363784834997366,-0.03714703749261637,0.004286951844720604,0.10560413395125737,1105,38.616398191180515,37.715454
-1.069654169755047,-0.2782795868247505,-0.0273770444307366,-0.08353939133402011,-0.040203548095239475,0.06111406882553886,0.0572818915894334,1106,37.63405654310572,37.202728
-0.4069228265349322,-1.3094404695696347,-0.1293978589339031,-0.015488905036789706,-0.03377704399917985,0.035225998350303246,0.03640486731741194,1107,37.191318084723775,37.202728
0.03876527288630137,-1.408731941988653,-0.16098801888031555,0.04624928356037311,-0.02290439435323695,-0.030314795359604622,-0.04768752463870652,1113,37.42910220435669,37.679092
0.3343849461446836,-1.6813693627099955,-0.1550094754697293,-0.006487306495614863,-0.021554108302290768,-0.045885516627431275,0.045238784413271144,1114,37.4840322840834,37.291817
0.046109478212161235,-1.6287079813646261,-0.17241983303254513,0.006953839501538995,-0.03934190473900187,-0.0433702146868936,0.04434698369349237,1115,37.22828469071466,37.291817
-0.07674390518178421,-1.5851089250329515,-0.21650302185885154,-0.022991824691911137,-0.051898214409174435,-0.040458938996826926,0.04622202927667773,1116,37.0672315222357,36.975449
-0.455216198001189,0.207452920567844,-0.042352136298602266,0.012092360124131523,0.05987361855640868,0.0850775717165265,-1.0970105142569957,1117,37.78463194553865,37.655453
-1.0409598004576357,-0.31291213997352013,-0.014393867420032657,-9.259758952550623e-05,-0.046212324707937985,0.03375497019544078,0.05544235596230514,1118,37.689340919139646,37.655453
-0.13709859461099766,-1.4110830881984509,-0.0703288167900267,-0.0021152593914194207,0.002353490392733969,-0.004064414229972253,0.061290346344938226,1119,37.453667986647325,37.002728
-0.20165457736585748,-1.0796611735854933,-0.1306225761257801,-0.007447660903288061,-0.091934785609064,-0.033411096964931816,-0.24941599077486976,1120,37.22056646180125,37.002728
-1.0680069982418252,-0.41708907073388035,-0.0355947165534978,-0.013693478760212196,-0.12651840149405102,0.01919535129874978,0.008867148794985283,1121,37.38187415744083,36.857269
-1.2499356253918814,-0.43512070532250996,-0.1399627871117848,-0.04266971581922097,-0.09386506222890795,0.03394221784480391,0.05181018796501491,1122,37.13891283306602,36.857273
-0.12676584266899077,-1.2264642652462963,-0.13297639035409325,-0.005773588270730628,0.015142011818939377,-0.00023146503548890994,-0.19770202814922752,1123,37.339942755224634,37.344547
-0.1289034364808821,-1.1898244671740383,-0.16154836487516028,0.002892971903193569,-0.0116471779901213,-0.02380683854040029,-0.20494612649017702,1124,37.29693088348294,37.344547
-0.4902855840438568,-0.6627223499315364,-0.2019949462274794,0.03629392471488596,-0.0917581650174735,-0.014933793779369146,0.06433046403822641,1125,37.65364387288387,37.226368
-0.7655786388554187,-0.5734454741833132,-0.15114622939452207,0.07643834114135808,-0.04985615295070715,-0.013024004857265,0.0486346961983183,1126,37.58673686022897,36.864544
-1.2070248141945894,0.16572383740465432,-0.22563769817766424,-0.03644775720848149,-0.044244277304617184,-0.058821902924636287,0.0643996301818317,1127,37.67266134090704,37.848179
-1.002983292565889,0.11255504270999998,-0.182499285259891,-0.058361997171538796,-0.033021244980017746,-0.013758691806107655,0.06755873838832475,1128,37.90420359244541,37.848179
-0.7837040065151368,0.9314771598972954,-0.086129121485466,-0.038117505996277654,-0.029669926747235256,-0.015955087504560296,0.09702859380937016,1129,39.08964442858849,39.117271
-0.7009377105146762,0.8271195738583029,0.13296518900148543,0.016057904933210305,0.15840535314128734,0.04049850266238178,0.10486805674876164,1132,39.59369119296125,39.582729
-1.0618573122064459,1.042702605806029,0.1232964954086879,0.012859155955484975,0.03640828761997922,0.05587884352473155,0.10183564363065906,1133,39.32583804286965,39.582729
-0.7316452889170697,1.1363488422191765,0.13376139619460412,0.0149512381650227,0.0053398306104082615,0.030704780882845697,0.11508699954260557,1134,39.71926212182812,39.944546
-0.3287960146859298,0.878604165682672,0.12030870293862006,0.024080868229422646,0.07542742673779038,0.0640976407904134,0.12293508433152193,1135,39.97137219715505,39.802723
0.5133822433710667,0.9605352911453573,0.2917473265556442,0.005788396137631682,-0.011659797376874725,0.014635192364372922,0.13065395939295957,1136,40.91979693472065,40.922726
0.5798914933737828,1.1454014667261692,0.1493034959968399,-0.008120860796962903,-0.06289546597912192,0.024457708441408252,0.12659812454005975,1137,40.969350285432704,40.922726
0.6427226671299371,1.1785033538230731,0.17356527301106847,-0.004672291983113692,0.09408894127279131,0.020477217753258687,0.12213754423281517,1138,41.24153702837035,41.135452
0.744014317487712,0.6413045753240335,0.153183440758683,0.0026300304130900862,0.0671079804626014,-0.013505258898976524,0.11378115043240689,1139,40.72323055911005,40.72818
0.711951543716594,0.6421096465775011,0.05475998231559744,-0.05767627943007207,0.010568283425434583,-0.04475003533322631,0.11432269675576982,1140,40.446000161158096,39.866364
0.47267540184957413,-0.633478981426991,-0.08552862785272326,0.04240315157759685,-0.1213263311421608,-0.13311724544882428,0.0797300095805784,1141,38.63607170026756,38.906361
0.4863667274667887,-0.5814878355850011,-0.10511766579908892,-0.0008327177304381022,-0.09349022547484505,-0.11204851294265336,0.07900840522072654,1142,38.68711249828602,38.906361
0.5081336733427995,-0.7428936410536383,-0.028511577979898735,-0.024710511879008114,-0.02020226057727028,-0.02461652478108512,0.07123789521085121,1143,38.75315137541324,38.810001
0.5263218535143654,-0.6860180218702546,-0.056382114829249146,-0.008264516494236034,0.019098167603769894,0.004104625283365664,0.07115152859852374,1144,38.88472584493677,38.000912
0.4569802548354377,-1.0170479702291138,-0.12162678113539026,0.03761637279992014,-0.026732993988021647,-0.039872255751289845,0.05371542178303871,1145,38.357746371445096,38.531818
0.4897105336669792,-1.0325532492730534,-0.1507350777340244,0.018470824050610082,-0.018249711504448145,-0.03801252523636764,0.05304057586937735,1146,38.33638569296958,38.531818
0.4487907917258392,-0.9217269483242015,-0.2244548028788132,0.02766871283056909,-0.02899142556725568,-0.036215084561881786,0.05621577563895689,1147,38.336001341993686,38.482723
0.4418681426149355,-0.9220748237282027,-0.2522707334078965,0.06587729234968384,-0.04355160891108427,-0.020248686646605524,0.05511069133609183,1148,38.3394245967374,38.382725
-0.006424176684702813,-0.6171240508464683,-0.04813234931712088,-0.029520717608612704,-0.00419519078851189,0.06938334434645603,0.09404917255620952,1149,38.472750354787806,38.204544
-0.013893834984204096,-0.5890841494948171,-0.19967105969955076,-0.03589570425149341,0.019084490800897632,0.016975291437537576,0.08360196977405808,1150,38.29583132671291,38.204544
0.2424728834895739,-0.2986170942427042,-0.2214602775518409,-0.0601037411760116,-0.08180522068639721,0.03156653970638857,0.07076788471786394,1151,38.69753529738738,38.028183
-0.14083612156111192,-1.4974082579402663,-0.10252094965655875,0.020931780798424875,-0.01944590930034859,-0.024726496149020956,0.047922058204236964,1156,37.29863042752584,37.291817
-0.15127106772260557,-1.5147295120692585,-0.17305652012962275,-0.001420293326367869,-0.044547294421482524,-0.03800635571512813,0.044612250767921045,1157,37.13629553051395,36.975449
-0.3725070496069678,0.18360821063123112,-0.0858303030035759,0.006127869517244014,-0.007947666496807521,0.06085710466868872,-1.2325297229226901,1158,37.56649276591764,37.262726
-0.07956442038413389,-0.7659597831389756,-0.07984481276180153,-0.006491255854523181,-0.02340285347683646,-0.111678282344866,-0.3552199888038106,1159,37.59255292636557,37.262726
0.36828571385769726,-1.4629204271980227,-0.1535769332709551,-0.01984498147762029,-0.044826523858193267,-0.10765004265752423,0.05227378742444782,1160,37.646454915950336,37.031818
-0.4344915651357894,-0.9628544281279799,-0.07522186531266813,-0.003535927227241791,-0.061076819134613734,-0.017259307022206176,-0.054145716850964774,1161,37.40612869431907,37.002728
-1.481971970292684,-0.35799280552515955,-0.026677097332464705,-0.05613717700400553,-0.020486788373113487,0.0067494481342845756,0.04931149376480269,1162,37.127509426502165,36.857269
-1.389554542371634,-0.37549893758278974,-0.006871942483436408,-0.05311907624970054,-0.028897621604313705,0.010941953457467797,0.05393537547792576,1163,37.225649531774025,36.857269
-0.17251686722418497,-1.346785511642867,-0.1999105023223684,-0.0030601471801010565,-0.04974233998481394,-0.03197940692831087,0.045049117736550126,1164,37.25576866558444,37.340908
0.08365576743081665,-1.1185114533912939,-0.18987199802578697,-0.004161463727060541,-0.04102195250158936,-0.03545228510082196,-0.19788284688234242,1165,37.511468090932446,37.344547
-0.4711896959094189,-0.40529411567039975,-0.06396382819540382,0.007954566939348786,-0.00886413307627706,0.038674256073037414,-0.38141247541282547,1166,37.73061889787857,37.226368
-0.8506110149473842,-0.5681898495391993,-0.13170247583461958,-0.02348609993245637,-0.05838454414021325,0.002411265975341945,0.045850015183516495,1167,37.430601619895484,37.226368
-1.2339616062789764,0.21955929112079492,-0.10545202839292439,-0.04756400607700946,-0.04957314227458923,-0.06647135387161301,0.06783350406615056,1168,37.799084981422354,38.353634
-0.7553167790013362,0.2061594800992778,-0.24716458696424953,-0.036937561291734866,-0.058621776080842514,-0.00024450148937951466,-0.003495131076608987,1169,38.119093467325655,38.353634
-0.790790371334897,0.840985785684719,0.04840042079438383,-0.032316630716925615,0.10490432947881599,-0.001247802618057261,0.09571279037753366,1170,39.280362844796066,39.117271
-0.6354741087974461,1.2838283255883778,0.14003044011110785,0.017351555624764536,0.09585091431780113,0.03631739154369016,0.11800322827472576,1173,40.07062206979354,39.582729
-0.5035459330760914,1.3022705621144337,0.13785611634881287,0.02030952765335596,0.06237961065462874,0.05751849671446689,0.1213490262274816,1174,40.21285172976759,39.944546
-0.39353330936085806,1.0393122447841174,0.13660943089173055,0.022156178255541302,0.035797328692894564,0.05298063875595787,0.12163700730329914,1175,40.029673842453214,39.944546
0.8105914715652603,1.2800734639416238,0.33364415206904197,0.006245102268707684,-0.046841535593796786,0.004057839879660206,-0.22664408017250073,1176,41.175840737088485,40.980904
0.8287521165442059,1.2382781058085661,0.300206796339317,0.004969192259706822,0.04301925182889283,0.02954106724236419,-0.27539664196295044,1177,41.184084211190594,40.922726
0.9477908309293998,1.235920209092649,0.24189410572089926,0.003275697412617729,0.05130428435354489,0.04791839334686099,-0.1449436693904545,1178,41.39787417459602,41.135452
1.0089503509709619,0.7619617782957065,0.08425180314186936,0.0158192441142096,0.021675569418398082,0.06433481021907922,-0.1060403022360248,1179,40.86566757705471,41.135452
0.8554124090882832,0.5731428176094171,-0.1455889910955375,-0.04467185793928077,-0.035251637545706545,0.02869434413962146,0.12010451669732236,1180,40.36655592408464,40.03545
0.5957666231010397,-0.356799942963872,-0.1009963968330466,0.017893631623462476,-0.001968452139899225,0.021318310800702837,0.08302337141514478,1181,39.27295146813399,39.48455
0.536228259850892,-0.3483995461046017,0.016093873002066484,-0.052699605343979265,-0.009233790359603379,0.12146660851474114,0.08156014537592961,1182,39.35973026806594,38.906361
0.5071784767736286,-0.6692270505031623,0.049296904992644844,-0.06841061368626788,0.0019332833212730247,0.037880169512408426,0.06738882077441338,1183,38.940754314315434,38.810001
0.5192844168212476,-0.5441189289050355,-0.16374208790925515,0.033905356708065694,-0.04416958500880193,-0.09808763608016653,0.06639073938072128,1184,38.784176598137265,38.810001
0.41606998404102535,-1.0229361832668442,-0.13674422807987596,0.024339547867962465,-0.028309735875573106,-0.011951004313496636,0.05488666374912415,1185,38.31006936725285,38.480907
0.4703961800224784,-1.0370060242084482,-0.13364012154864816,0.022700458446875342,-0.02825363253406635,-0.01937378118009098,0.054266368155026334,1186,38.34380377028361,38.531818
0.5077415709883722,-0.9714188599773631,-0.16771600517283386,0.0194645244635714,-0.01116731319995117,0.0541610144500224,0.05409464415737693,1187,38.499873898839695,38.482723
0.4979736734207627,-1.0123409028978803,-0.157852696221906,0.01385657967701494,-0.04302676816555112,0.008720842360992005,0.053189654573772185,1188,38.375234705877716,38.482723
0.09162426181353742,-1.0058668129883965,-0.10713627686598823,0.025353667673333545,0.02168451427843367,0.024885099943283626,0.06630362093147688,1189,38.13156239791616,38.175453
-0.07911580014237796,-0.8687227611314683,-0.13003513311177398,0.012790903236931665,0.03081308847396029,0.01003694852295324,0.06526320999446895,1190,38.05574477897317,38.204544
0.049871955019349774,-0.7170046662751045,-0.26528964877107686,-0.015912934113117,-0.003971318087182192,0.024886242922394552,0.07289677416986669,1191,38.16019072799561,38.028183
-0.6922153367814519,-1.2049281425695861,-0.13242644533618766,-0.01282186519291725,-0.022607119384778506,0.016230201482656848,0.03418291141441346,1194,37.00012852676265,36.928181
-0.8585601220825033,-1.1840956779996976,-0.12462566403919845,-0.017709107025732328,-0.030253193180338322,-0.059041195311618576,0.03386027408832449,1195,36.774289637579734,36.466366
-0.2065904428517113,-0.6374756396669315,-0.12653963165011586,-0.026678173822388386,-0.01924067925513686,-0.032670433807058724,-0.4853978084523411,1196,37.480121513624816,36.882725
0.48928797521763506,-0.8631514174596372,-0.07921105803230769,0.01011250865781974,-0.04821128538903544,-0.0945992239101942,-0.3242282445144455,1197,38.10471357770035,37.262726
0.3919624156806953,-1.1896372597531886,-0.05210788148943354,-0.04701560016735174,-0.09752148212587237,-0.1514195980626831,0.051741526464095106,1198,37.920716443676774,37.031818
-0.7148946372414421,-0.7201322523303743,-0.01752827038869979,-0.0751666425961865,-0.04864530424781067,0.006682695422864814,-0.08409938604949331,1199,37.3609305256994,37.031818
-0.9367961323849925,-0.45939092026402645,-0.17296527656576327,-0.06563365171169509,-0.02849431658176683,0.008677351202351073,0.050631280907508264,1200,37.41074265773214,37.339085
-0.9519209556055118,-0.536016500663043,-0.1432044998106267,-0.04157674445030814,-0.13247588166369736,-0.07376888803075891,0.05372907537342795,1201,37.18947992828,36.857269
-0.7361460875639836,-0.4376846984434217,-0.12940433368309934,0.019264837749539084,-0.027839498335044628,0.03133749456450312,0.07245348857346419,1202,37.80669552599246,37.340908
-0.31751359847434335,-0.40440571374782514,-0.23459742712317655,-0.025754170001547887,-0.15102528465742857,-0.12248733180611313,0.09030263466609613,1203,37.849233431986164,37.340908
0.23021789178598223,-0.9969630885953819,-0.21039680810674982,-0.028660678231075636,-0.05665241403750873,-0.050926523273977536,-0.21627560091361736,1204,37.68505710175816,37.54818
0.2408293275995356,-1.1997898170382435,-0.23660455044653209,-0.04499601811030958,-0.0385419436314862,-0.09392120382876938,0.04911635664089506,1205,37.690806474315586,37.54818
-0.23480595540449656,-0.30774701543127414,-0.1583902269269929,0.04437218370224951,-0.04829305471983465,-0.04259676682572659,0.09737208810725784,1206,38.36462557563166,38.353634
-0.08083830383280666,-0.519711002179542,0.0076307848074090735,-0.010965050984098139,0.0449827041876777,0.06865615465366165,-0.42528304923852245,1207,38.09918656054428,38.353634
-0.38569546291950246,0.9354833119425333,0.07967383525560395,-0.013352455341305249,0.05366792272577674,0.005275641938235899,0.11142455332799404,1208,39.80119167005984,39.775455
-0.41519744864279995,1.2802670266392733,0.14869015057472385,0.02605701961467019,0.08422512766103815,0.010750624605594202,0.12180944702485817,1212,40.27131627060787,40.608177
-0.05245616082086583,1.039427599394646,0.1711310604708177,0.004994012470655594,0.043084195248192125,0.023622359111236623,0.13516673049911979,1213,40.37968411950433,39.944546
0.12310186725958555,1.1062311349676233,0.22349249484049072,0.0007414567066835936,0.04240170052770781,0.023661555808598526,0.1377786408725686,1214,40.672123174113764,40.980904
0.6955111592061691,1.2117937116404187,0.2863752912813434,0.004244538789700583,-0.052254176444616475,0.026680776888084352,0.1363128682353529,1215,41.323378492726924,40.980904
0.6735121497877891,1.2574653550064052,0.22827449425732368,0.002816975839378771,0.03786477616643449,0.05913902930028679,0.1360369505998919,1216,41.409824054087984,40.955452
0.9733927298969285,0.6265321908628563,-0.1065000947725259,-0.0390533195603448,0.017585377729324583,0.07756917811919674,0.12316619808494304,1217,40.68740658349091,40.03545
0.930039746830243,0.45436944661700235,-0.33422388143904014,0.01328485513898426,-0.016418538545163133,0.04095867769026026,0.11057218666356387,1218,40.213296816086334,40.03545
0.5890333509213647,-0.3085141359276963,-0.09217715786272317,0.021495113693311977,-0.0010504307795063579,0.11632356866806445,0.08325035332063199,1219,39.42307498516396,39.48455
0.39843958128795454,-0.2986138203213372,-0.08218901968002038,0.0030800294230999654,0.04706147551936019,0.12022835640547538,0.08634053385568055,1220,39.28906145962074,39.48455
0.6125594732833651,-0.44904009935966194,-0.027088902719195534,-0.014721622640517348,-0.0019613703669445616,0.007677474152587304,0.074914169460141,1221,39.2170534449403,39.462727
0.6126096619417718,-0.48191049580580414,-0.11436376386123642,0.02713017444737432,-0.026316217692102722,-0.01599430947316476,0.07183609944520929,1222,39.08770547213259,38.810001
0.3992958514030833,-1.0111927099165698,-0.13652786644612486,0.032862644760892894,-0.04328453176664172,-0.015875069789345816,0.054238164444517775,1223,38.29423080582035,38.480907
0.4455262617104986,-1.1204308530989042,-0.05463584123490508,0.01194179602638152,0.024239790900032056,-0.01105354618732121,0.05808029532601539,1224,38.368382226572315,38.480907
0.32997260217356983,-1.1099402597672063,-0.1652511615297973,0.026254412896660355,-0.055704767061697136,-0.02709945560745248,0.05237109576623575,1225,38.06531679000084,38.035458
0.3713066051752103,-1.1038559754751174,-0.13975231454831558,0.02401138522410483,-0.016848159688166383,-0.05856299673937414,0.0524531351765024,1226,38.143466002255394,38.482723
0.22974616862138908,-0.9281104939534082,-0.17054223585967573,0.0310084408037281,-0.042521784131436126,-0.03916927124134317,0.05506211267630314,1227,38.150187260046096,38.175453
0.24702631152580942,-0.9548871759858754,-0.1985201951203195,0.03165688995542619,0.024533164895041287,0.017773217733631334,0.05371195984216254,1228,38.23600849597637,38.175453
-0.8723612692450768,-1.1559880822513018,-0.09248603051245499,-0.014710348203211838,-0.015319687992059785,0.029934634601623683,0.03344536504267281,1232,36.92722890457068,36.775452
-1.0808097412108537,-0.9629125385478559,-0.09349051840185858,-0.0015082061057271397,0.00999463717098732,0.011132773357258176,0.031345164612231455,1233,36.92846589400467,36.466366
-0.3522512223303398,-0.686918976872366,-0.12168621587401826,-0.016760263228100286,-0.051303898601827554,-0.0451418856919152,-0.41609991191949885,1234,37.32455194861243,36.882725
0.017094876391820082,-0.9152211108515476,-0.11923890163823501,-0.01676735190178096,-0.021098263562826212,-0.0948161601950418,-0.3828180646685765,1235,37.481849346704344,36.882725
0.4310046006730407,-0.9104315711127183,-0.13773994880243562,0.010172794011660703,-0.07047250334605112,-0.11967539523442015,0.049163726824241964,1236,38.26673602614381,37.129997
-0.6902307562899337,-0.7886322038546965,-0.10482614302848392,-0.04022427205208968,-0.0535633836085068,-0.020677556619037325,-0.04817408594197874,1237,37.2683859217358,37.031818
-0.8202138511634498,-0.49119863126554586,0.09891531982291084,-0.057535757177916355,-0.040703433989604985,0.042460597605951604,-0.10105911971557273,1238,37.64537944724729,37.339085
-0.38676007346083,-0.3625978397709029,-0.22271802906150803,-0.051190417725661096,-0.06055980397918207,0.006187696689644415,0.0842218552745632,1239,38.02129771109664,37.339085
-0.871806568819747,-0.35401843126612487,0.017120813095458935,-0.05384149561780296,0.05912139923414169,0.10581378711381043,0.062116020251807416,1240,37.979219847122074,37.700905
-0.9860631510103711,-0.29390382145832744,-0.10957457672324282,0.0806367953717924,0.006572683471911847,0.050819490006266586,0.054209502097636274,1241,37.81741124488618,37.700905
0.17290059110805045,-1.1581863587803407,-0.23496310804014162,-0.04184021702719219,-0.06401629956216028,-0.036724776105985596,0.049076551030802884,1242,37.700960705753516,37.54818
0.23054679956518664,-1.2961379989471413,-0.04223808534483949,0.0242683614741901,-0.002668250117954169,0.020522679939556254,0.05411316668037358,1243,38.003120996379856,37.54818
0.5011743176537011,-0.18641837275818077,-0.22881934292283423,-0.0029173515349955863,0.01869940163405415,0.056583223308645236,0.07912610620712074,1244,39.25214230471798,38.977272
0.5039568364898381,-0.4109458892342396,-0.10367120021331469,0.03574030649476533,-0.08360668857641723,-0.08878980404456213,0.0850673903821078,1245,38.952465274428675,38.977272
0.7041899766641494,1.373345661367851,0.3131046904181294,0.006253376656829836,0.07006815825474501,0.07053002660665363,0.1389989532121082,1246,41.69120516631096,39.775455
0.8789761951554834,1.296629360274246,0.3291311996600885,0.005628091266825543,-0.08900119432524446,-0.0008521128136703608,-0.2344507176025702,1247,41.20077514474564,40.651821
0.573920536873508,1.0709479181645054,0.3310453330268916,0.010796234603969893,-0.05523451880947407,-0.0017903440187528256,0.1179993302681953,1248,41.06239881323933,40.651821
0.6520878426661932,1.13617829415056,0.3507079328315978,0.01290585065093098,-0.03380658964551681,0.0026045946441023613,0.145439260176872,1249,41.280831508605246,41.539093
-0.23511954389333395,1.2334340408213087,0.16573610803892608,0.022763696332105586,0.0978607351114228,0.04500450509191519,0.13743610767186318,1252,40.48182997230472,40.608177
-0.06135266489084326,1.00081340608368,0.1639806504990913,0.013233482856828111,0.04288378337383441,0.04296722858826307,0.13069236330059583,1253,40.34793257294196,40.608177
0.6864317165818843,1.3741079606680628,0.4324826158550141,0.01582669702753055,0.07402608678270116,0.08376591309010359,0.1450956464249,1254,41.826450959560674,41.028179
0.6896139455929206,0.7775045999645784,0.36035604488015793,0.016841299543245564,0.0019605474486325673,0.0439408644247444,0.1328660912246145,1255,41.0377977162094,40.980904
0.6713311602874693,0.7574108064442562,0.2715058608614339,0.004933058176972963,0.06300261062051997,0.0437133662526959,0.12615465606256027,1256,40.95276584183641,40.955452
0.7494604216828862,0.00773943628445538,0.032070978766063254,0.027332965277542254,0.06305728777989264,0.14057340626662265,0.0947819576787179,1257,40.129730776866694,40.015453
0.5974690465608685,-0.054096396324534925,-0.15382637787427375,0.009067464987408113,0.04666935417071147,0.11933288795268715,0.08539327421529883,1258,39.664723576818666,40.015453
0.13406845789605,-0.11986398700775666,-0.08099027243561024,0.022445194115907036,0.05899384312574973,0.1275590053195849,0.12809715229580823,1259,39.285023716440236,39.959091
0.6643615754577497,-0.06865834748930605,-0.07735707475725981,-0.0052983072695423905,0.04040015657378097,0.10851122868656883,0.08999089435045328,1260,39.76666444868293,39.48455
0.657634631300533,-0.06501553345183968,-0.020003582847747742,-0.019632245619870772,0.032306143799169136,0.10559927375265625,0.08894302869179527,1261,39.7945460387552,39.462727
0.6505673394495202,-0.12385708303346833,-0.08935668390209141,0.008932335121254324,-0.021422315508303987,0.12193405401323988,0.08449400340343213,1262,39.64600597267408,39.462727
0.3779489522491954,-0.215651668513408,-0.07035024597242974,-0.06359756320087845,-0.06562081683469219,0.044061905693961664,0.08333957480425033,1263,39.10484446135649,38.69545
0.06827610690248327,-0.35405241075929667,-0.13557087643994453,-0.04596244015984392,-0.04064605293002795,0.026298006083806162,0.10232310837368697,1264,38.63537976420137,38.480907
-0.18318372998099802,-0.6825235842962644,-0.07362310032076448,-0.007707579296911177,-0.006177836863238564,0.018939040534119888,0.08238632384740065,1265,38.16282385675387,38.035458
-0.22572293419151893,-0.6917843010451764,-0.10680214448893283,-0.013904554996150852,-0.07031183155218784,-0.0409767585796154,0.08308513126571287,1266,37.94829692954265,38.035458
0.03824210960351582,-1.5567928091805234,-0.16659637702957708,0.012501746765890217,-0.03944505945205451,-0.04942373882602544,0.045748098924534825,1267,37.298948293936284,37.553627
0.009347064619399026,-1.4251244203570266,-0.16787531456276197,0.01436073536367234,-0.01388099331984152,-0.02956446245519076,0.04871269573155486,1268,37.45068962815034,37.553627
-0.11346257284583039,-1.2684681712645498,-0.18930527384451065,0.027038711710448093,0.012712056923329123,-0.0125540477776606,0.050180694492076836,1269,37.520855720523805,38.000908
0.3074395118001493,-1.9528297788727074,-0.12744753714502396,-0.021063646212067102,-0.008340015553665363,0.005411331506528579,0.04794595389532974,1272,37.26583014254908,36.775452
-0.44031366686793827,-1.3308652455830472,-0.18213232997594977,-0.0037658022272597444,0.010393845018625022,-0.03989218699563682,0.04812368350118318,1273,37.07626262000049,36.775452
-0.8977026398178107,-1.213889433965712,-0.1483530937746218,-0.012327324484260879,-0.01818590800461561,-0.05495675184608375,0.03654762924986314,1274,36.70584680048728,36.262726
-0.5506070155477887,-0.19095155947325743,-0.11244073883710591,-0.02657672033284512,-0.055236420018530456,0.016692595623107875,-0.8276166628229381,1275,37.26797780172117,36.72636
-0.8623680359220397,-0.4986554287530693,0.0567108861322682,-0.07852385903170583,-0.021369742460472407,-0.0048554601969057285,0.061935964232349046,1276,37.667588647130934,36.882725
-0.2886674248075011,-1.2836374522664504,-0.17332128772380534,-0.005045155735005979,0.001085837215506083,-0.011360916475076543,0.046196836691461025,1277,37.29996476002963,37.129997
-0.10470421107854148,-1.3634786753802597,-0.2047864543285801,0.01451624607912247,-0.01618406314134098,-0.025594454873268228,0.04586362038828988,1278,37.36034633079596,37.129997
-0.2446593533269685,-0.4035198411694228,-0.21551382121018847,-0.03407147219342634,-0.10686165996976932,-0.10210111159214824,0.09576854532520244,1279,38.00375560899376,37.862728
-0.3855217006505136,-0.47947658813976207,-0.14014779819665968,0.040854754114344055,-0.06416902817332013,-0.054439517734068035,0.08809504718374098,1280,38.019909491534264,37.862728
-0.8553107785039014,0.1502692198520236,-0.07477020910008943,-0.06529203857500322,-0.043171478875211035,-0.01262640595491093,0.07813659828985813,1281,38.19194923026328,37.700905
-0.7553679551622028,0.2132141764945903,-0.17803231043480755,-0.054939422998734125,-0.051708600121740236,-0.004487434791264768,0.07467106306948443,1282,38.258063839185866,37.700905
0.23664549226969062,-0.8781317233139075,-0.2820525712318599,0.013864261477264704,-0.04977032840260898,-0.07008872082522737,0.049773905686666925,1283,38.03495463879054,38.100914
0.25372290127517927,-0.8844952916332254,-0.21668161574798755,0.011443443824604821,-0.014946182945117988,-0.028382299723830117,0.05559851951155013,1284,38.19097379769165,38.100914
0.51444500784868,-0.6575899155731514,-0.13675018560385999,0.05712601005879982,-0.0046453371621214936,-0.08407841867878116,0.06300584262091548,1285,38.76622732664099,38.977272
0.5441445888439062,-0.6257270617878818,-0.15242589412259339,0.05316548792096377,-0.008460150647670372,-0.08398202654836047,0.06482664006457,1286,38.80625590685344,38.977272
0.6041326548952956,-0.09101593075749942,-0.10553759166987736,0.050608729176648014,0.10618843300641573,-0.03587658064842128,0.09419425355949551,1287,39.637408290692555,40.248177
-0.13058728298502442,-0.135513477367314,0.13556649985819785,0.0014490770847985065,0.372242623004753,0.1399084113595879,0.10433399619531124,1288,39.502114170280805,41.386368
0.6415313068565408,1.2480929567808892,0.271145878998538,0.001815010144326195,-0.04769926337599102,0.04214773073477469,0.13296372567598883,1289,41.30471166894556,40.651821
0.7237248382749079,1.1787408177324026,0.20325197212342247,-0.0012900288252103021,-0.0443546236422506,0.029318296093278927,0.1360879728878826,1290,41.24019356777493,41.539093
-0.10560122247499182,1.5187518509151605,0.1592385444589941,0.024878553278989288,0.10761287360969014,0.08037044621182599,0.1414515023579355,1291,40.941416871488094,41.539093
-0.44485508292423726,1.6592932966177054,0.14687176989236964,0.018379724158812193,0.09480023754266269,0.05085276057628274,0.13315060090597264,1292,40.67320762990008,41.75
0.5099587741368733,1.3317848088425979,0.368362154969974,0.014058040428451615,0.06939060350918154,0.004173858913719066,0.13677735493614548,1294,41.449219918867435,41.01363
-0.39160593468193255,1.012786169869754,0.13271915461100484,0.02322939943958021,0.04749819491899672,0.09034966711899531,0.11661448625917664,1295,40.04630546066608,40.608177
0.5776816473159494,1.3117968466859502,0.3862970647450666,0.018109464659550552,0.11267191337732059,0.031471740695300156,0.07948910466524162,1296,41.53223210527489,41.028179
0.8850884318592499,0.7117860990983672,0.28366614443999416,-0.003066800738709835,0.03504900796872059,0.054129229751258404,-0.5516669100400522,1297,40.42969952546934,41.028179
0.8252257711559734,0.7341323017451916,0.16583804054767287,-0.05435938580073525,-0.017070308770067138,0.035783786168102655,0.12954872843554496,1298,40.83381325661217,40.859085
0.7759041453730264,0.07335872042635522,0.04625269178935889,0.011798560065235322,0.0779734161102512,0.15538389031244923,0.09319868940036288,1299,40.24858443660752,40.484543
0.7305357777691017,-0.017573032056206,-0.0830163170357926,-0.00786060420377081,0.051307129307606544,0.142182443929663,0.08904110941630748,1300,39.91933083025743,40.015453
0.6704288493589177,-0.10442178181805427,0.05489849599737216,-0.0491259050826438,0.0038864486736560856,0.1721314892434788,0.08859577611526256,1301,39.851107695618495,39.959091
0.7054239176123905,-0.06542856774875251,-0.07819274996706699,0.008906887567690983,0.03055247060199881,0.10552142455743879,0.0912288992678158,1302,39.81272660502203,39.959091
0.6906697864476384,0.014455660426487585,-0.161025496789982,0.02412755900012547,0.039733448967225554,0.11571751551771782,0.08608573797129193,1303,39.824478534670995,39.869995
0.5247298451563923,-0.16978375333735155,0.07826142126957722,-0.015530626882492746,0.035901596742768424,0.14820683909954022,0.08451063375100668,1304,39.70101027892993,39.462727
-0.04569263954771228,-0.18706479009257987,-0.11931727228864573,0.015834494416884837,-0.026688018654397263,0.02800657895040093,0.11077129852145344,1305,38.79056397443593,38.69545
-0.8133502736283166,-0.34409963150188694,0.04666506340660824,-0.043792873331368776,0.32020164048104494,0.04908616437561821,0.07028468227426916,1306,38.29970909520649,38.69545
-0.23076485941542405,-0.6251561571848488,-0.14501481749126216,-0.02248159968998946,-0.024773956407475227,-0.019064309476189027,0.08539762154334184,1307,38.03285624500867,37.840904
-0.7555823508184963,-0.5253007356628541,-0.11624879528626067,-0.0030249490585310167,0.01624254449982299,0.01825414597943567,0.04632803644051637,1308,37.695382219224136,37.840904
0.09624359753718144,-1.5270930955960524,-0.16618496736104732,0.006806080242953312,-0.03609203048301681,-0.027326841247809274,0.04610490588071913,1309,37.40717197210345,37.553627
0.1482836049938976,-1.5870122523607322,-0.1945477565136575,0.01656611427365645,-0.027307866923474287,-0.04851515113935753,0.04396910559302684,1310,37.36615012105385,37.553627
0.27925989094083087,-1.12121909300092,-0.07101554725254974,0.02614566691999329,0.04077779645049999,-0.025023685430219537,0.05660038992920848,1311,38.20023974168736,37.517273
0.20971799205642333,-1.197553377556077,-0.2402462533951396,-0.036735481421375546,-0.03021636668167717,-0.06391628679873464,0.04944933117480617,1312,37.705213880508715,37.382729
0.11305401140628335,-1.524954574677972,-0.1975908771055273,0.011377148707844398,-0.025757677092151977,-0.051549921352604194,0.04520449448063449,1313,37.38449692749701,37.508183
-0.1950259773085533,-1.3465870732013012,-0.1460047155268844,0.005344885473055954,-0.04199609244398883,0.056815732323264326,0.04557638839707881,1314,37.392837470843176,37.588181
-0.7433542760515114,-0.7363720871709618,-0.11396679342539923,-0.020311414223824282,-0.01982829554013513,0.0014577563367230788,0.04149182240784883,1317,37.423831035463266,37.562729
-0.46577647715828185,-0.8853745047561675,-0.11297597365833133,-0.044923198520482294,-0.048704485728186205,-0.0038264055808756203,0.05369194068103668,1318,37.506825218409205,37.26091
0.1918898895449539,-1.6956660454238466,-0.19547607925675667,0.018497423489193348,-0.02417536524649762,0.003034214202898537,0.04414168557385467,1320,37.35696004601428,37.320911
-0.5000566716024211,-1.164793225621441,-0.12815880852550152,0.0027624055937988104,-0.053788719027562625,0.019269762169243098,0.04289006275963066,1321,37.232839128876236,37.320911
-0.4132679164621349,-1.409141489183608,-0.18779919430384523,-0.018245914044593116,-0.07734400936736832,-0.06008518628101661,0.046986951229111874,1322,36.89581756471704,36.262726
-0.2705957293031229,-0.04263941530744155,-0.09056751365508414,-0.023720540949250947,-0.03207174573865816,0.02803215885806568,-1.0980474318378775,1323,37.48510410519713,36.72636
0.15056165318126422,-0.10847109284961819,-0.23589032210415403,0.025408666612997937,-0.08588170695309974,-0.0589888821872442,0.11620896101891891,1324,38.81766159984956,36.72636
-0.3170091331667702,-1.236948822574077,-0.11282055734679457,0.003773032736065926,0.003547520891955432,-0.031288135851956944,0.028639051278112584,1325,37.35260727909704,37.555454
-0.36723553673554715,-1.2537172712377314,-0.16958119746883163,0.0018577096935877139,-0.03926484585638612,-0.035101339959600505,0.017325480025025545,1326,37.16899732159103,37.129997
-0.7610906870884191,-0.4282541945249947,-0.1253507860796198,0.0035244041887041535,0.0033316049731256297,0.029670947020577102,-0.06867334223371702,1327,37.66787226938617,37.862728
-1.052140965765158,-0.3317752277349798,0.07079209333160999,0.0030538647184157634,0.11629537524635107,0.09229353531540156,0.05887739137016305,1328,37.97211038961233,37.862728
-0.7432199568271263,0.218885181073376,-0.2200117939852411,-0.04324792064566206,-0.0931850296832294,-0.015423991782529673,0.07093447456430527,1329,38.18944528584439,38.079086
-0.5926631686924443,0.2596964435535325,-0.1419860679800848,-0.049692800488893976,-0.09499275662853053,-0.014731080497108253,0.07903890890905481,1330,38.459383801306,38.079086
0.27647332328879787,-0.9550300287909798,-0.05019560874689682,-0.017600711204737992,0.025103527060510906,-0.019600065065814277,0.06358680863802177,1331,38.3374515683094,38.100914
0.1274177243194742,-0.9142259229364327,0.06728555014899687,-0.008230134903859373,0.00779805716981922,0.1072919669904257,-0.2865583808639851,1332,38.115493183054966,38.100914
0.6535162293145979,-0.6509015113250838,0.05182035719916149,0.02634063852303179,0.03703424990360492,0.12742161650235675,-0.2584202287738344,1333,39.00152567447433,39.475452
0.5589886923822683,-0.5824947798040341,-0.19490785425749918,0.09348319919690598,-0.015037403274350962,0.021346141307444274,0.06569173444291838,1334,38.96178405312416,39.475452
0.5999074340763936,-0.1713812112547333,-0.1007600899065741,0.05046116408119341,0.011938808576755706,-0.020622794214626892,0.09146133230328042,1335,39.47571896679217,40.248177
0.19600872959097357,0.04394343815339378,-0.13382768092086647,0.036591157094103405,0.04968108280215591,0.0838762091144745,0.12967981562610395,1336,39.42066707459087,41.386368
0.6005937460636314,1.2422662347344753,-0.10977978917304651,0.03247230392529146,0.043765462686166295,-0.014803798825358157,0.13456814937798225,1337,40.94379663191969,41.386368
0.7931814852437316,1.1692317989481724,0.05438055618252387,-0.013807514642077096,0.0790945166420033,0.04183730970471745,0.13709290351256712,1338,41.27572537872213,41.980907
0.14545103056322747,1.2027401029183518,-0.12053392045054137,-0.03633661452475434,0.13116529791338258,0.04471642180675517,0.14545610161268127,1339,40.52737274296962,41.980907
-0.13763166327050694,1.6139646563403456,0.1507763871184025,0.030325646907728265,0.1261116038711182,0.08327115851511241,0.13520910739081596,1340,41.0167412200035,41.75
0.5640177207199663,1.2807532657697933,0.227872584233922,0.010662385863828484,0.06686215524250659,0.03234927733179742,0.13508785255113215,1341,41.332319564843424,41.01363
0.6700384140350849,0.995033557688167,0.3152820895886448,0.014568063213736368,0.06437695819965887,0.050042915124401274,0.12368051246464122,1342,41.247736833444826,41.01363
0.5442382159195684,1.0572502395802188,0.3627228084794953,0.017672869921549695,0.011489717435084774,-0.0039556000146139,0.12606869513116206,1343,41.13020126958299,40.895454
0.2523750622731773,0.9480761804297696,0.2047049705621068,-0.0018209093943741667,0.10551109986076455,0.08537169295405347,0.12807006486148276,1344,40.73700248467746,40.895454
0.5827224690302459,0.9454209280435605,0.2841817321846303,0.007623134917503219,-0.010047199961064884,0.07620852401622727,0.1269908202451217,1345,41.027814731606746,40.859085
0.6520864929777791,0.6796282955993617,0.22527833770088138,0.00820897281064388,0.051457077760566045,0.029290765166364485,0.12558349371764724,1346,40.78624775886376,40.484543
0.8587217273976434,0.6352916187197621,-0.1114477938706325,-0.07437753410696177,-0.0010297665099434949,0.032501106093830716,0.12128094996597155,1347,40.47565463082019,40.484543
0.4593572106842382,-0.03508626637154773,0.07796583160566961,0.041830713647580994,-0.005535317341112391,0.1372491653424092,0.09243418730649222,1348,39.78292984800424,40.275448
0.5932029632557184,-0.18563553907329453,-0.04260496414366639,0.05245969386829575,-0.017661892430679556,-0.10720326846333703,0.09652768550078672,1349,39.403799001644316,39.959091
0.9258018247144405,0.4731973432469038,-0.27854613664890243,-0.05526390567251564,-0.004132842055207843,-0.038923599397481,0.11090718044659141,1350,40.14775418776436,39.869995
0.3968557147742303,0.5705444168395108,-0.02156696748095211,0.0016456202070205322,0.13147199498502166,-0.003183617350439389,0.12250282210585095,1351,40.21298430721075,39.869995
-0.12743068619309106,-0.2545244645663291,-0.08799789009637439,-0.011909515696551782,0.02448668122677804,0.03969620275928612,0.10775277791990932,1352,38.70478742848413,38.77364
-0.09781324832808455,-0.2286900483507246,-0.09880128875173233,0.02713313852503541,0.014866924377669356,0.03769527085935526,0.11444127371510786,1353,38.783546345177136,38.77364
0.11211125805473643,-0.6805606296712633,-0.1489786759389779,-0.018871877504011477,0.008774578740970542,-0.1004013677750973,0.09788876019014299,1354,38.28467636922701,37.840904
-0.7039423513853,-0.4132775324308318,-0.027724161754265945,-0.033907408846974435,0.3254994377851788,0.03453518658312931,0.06210403748566071,1355,38.2580015305671,37.840904
0.27460502045530266,-1.0327751791319424,-0.29648468867961825,-0.04999466074548231,-0.06052522697570835,-0.10830126884962413,0.04338288226924577,1356,37.784621201472696,37.451817
0.012371364061577546,-0.8936093710783053,-0.22646447744505513,-0.04587245536201236,-0.10984612857811946,-0.07736827958794547,0.06017830956265675,1357,37.73410328470329,37.451817
-0.4842387349443008,0.21510962764553182,-0.2627954063308706,-0.004581686582983427,-0.09036257420934007,-0.016363141905523376,0.07316617051293405,1358,38.44464857731591,37.517273
-0.939358783489088,0.07263632680948098,-0.3153837816296837,-0.0732948993210314,-0.06742336000857471,-0.01467718884116779,0.06235181690881641,1359,37.73956445355927,37.382729
-0.42286608331175707,-0.46548066959617856,-0.17621236350446653,-0.023855554342155003,-0.04175396810461804,-0.04648718432723538,0.07781195921895871,1360,37.91587045916306,37.382729
-0.7280490436001623,-0.3869510421971,-0.104487980848832,-0.03239419901239786,-0.03860914788408682,0.00851301731187494,-0.18384898326368276,1361,37.54888694363612,37.506363
-0.8218696610801131,-0.5694774144323568,-0.06387754821684391,-0.06079306161485999,-0.031459305587825594,0.011245645291083076,0.0453968001106814,1362,37.52387977760027,37.506363
-0.7141773636295435,-0.5834591513010902,-0.020032498457139905,0.017552501954005487,-0.038566671374445964,-0.011004192653362027,0.051045122548642206,1363,37.7160720702176,37.562729
-0.24963737857560936,-0.9613558469149098,-0.1725726387538725,-0.01412032411710415,-0.006127974609226154,0.014695376811156053,0.055421212906099325,1364,37.681016749876996,37.562729
0.32115105698058016,-1.204057982827343,-0.17966810736249314,-0.0027161747810082564,-0.08064067804539286,-0.0686042347549911,0.05213314832349701,1365,37.852311350663406,37.522728
0.3692075802318401,-1.6633166679807676,-0.16472209116044986,0.021232107764400113,-0.026645103284463973,-0.027565361211711242,0.04557944999140643,1366,37.56848423748074,37.522728
-0.0038641245532279136,-1.53011454249063,-0.12916403715441874,-0.013380496344667238,-0.046399925792122605,-0.018491741847343722,0.04953881366440978,1367,37.32283826861252,37.320911
-0.1947686364943025,-1.275806430267905,-0.12253304452641149,-0.04381759761092056,-0.08505366637763291,0.009095386994135361,0.06363995874692488,1369,37.36547029359442,36.753639
0.21563232741239058,-0.13112080074803711,-0.11209574320331446,-0.04646596227717641,-0.011499276469484709,-0.048388125307265425,-0.9598798446162673,1370,37.92089689792136,37.097267
-0.05868933871697196,-0.796503997157481,-0.2685526797737231,-0.03379231310431944,-0.12917290293922226,-0.13436383907311833,0.06789071033429372,1371,37.66152996269998,36.72636
-0.17421976446770876,-0.9137980912608747,-0.16287707929464612,0.023686427736597567,-0.07559925468792304,-0.04313750738282529,0.05717308374803405,1372,37.72594213752116,37.555454
-0.22059301154636413,-1.027276726149929,-0.10547079248511948,-0.03442285083157433,-0.03394119088002557,-0.02822062744682141,0.05970347855400368,1373,37.62449260234467,37.555454
-0.2171473528066339,-0.7958999823406421,-0.07111039940484008,0.03245311261735479,-0.014187788168024176,0.031631620503916866,0.07009768088263221,1374,38.05055121441427,38.213638
-0.47065580515912725,-0.7596187811996105,0.19948926600191946,0.06981961736960736,0.17997322511730252,0.06755374365808503,0.05417569187784531,1375,38.35545128079652,38.213638
-0.08558608034942322,-0.8117126085536781,-0.10504423028141648,0.00046666952490052025,-0.013353738659603724,0.028840539995793144,0.07833652981458686,1376,38.10666140462167,38.079086
0.15142202765542828,-0.9413897823450661,-0.0929287089118828,0.013655076037039663,-0.0302961284868888,0.013041799637665325,0.06389594388910645,1377,38.192114550605886,38.079086
0.6809318912407063,0.5389812602787091,0.009201865758542038,-0.06350525421527627,0.014538838172656993,0.009721173601852626,0.12171728003892436,1378,40.326301378006626,38.830002
0.5344040031534525,0.469525511531617,0.05731693855933799,-0.0512268586190819,-0.002860175405525691,-0.0246106321865007,-0.02498884499316141,1379,39.97227426517065,38.830002
0.602350905518093,-0.6369055951375098,-0.02008897806087371,0.09486791085742555,0.03288566940042111,0.09896387735015165,-0.24502735464565825,1380,38.941760758412535,39.475452
0.5575760492165711,-0.47046457655894464,-0.19317281238257106,0.10774468834277579,-0.03029843038015161,0.0014160312583718832,0.0740305004888247,1381,39.06154577311535,39.475452
0.6161652288613575,-0.315626437876939,-0.1552277341301913,0.050761308972748255,-0.04475857413713364,-0.06178209512616564,0.07059253860171678,1382,39.1748385582959,39.822727
0.735474356572218,-0.13647930946915326,-0.12163183245729758,0.04616398040084651,-0.020618445270256462,0.04000309540066216,0.07452726218037625,1383,39.632153430487925,40.433636
0.709364751441518,0.5800184143308632,-0.14140251981817056,-0.09383575193377001,0.02633049671917072,0.03201916939642166,0.12114888631268497,1384,40.24835776957925,40.433636
0.9588211263522702,0.7913639099686097,0.15785974480148898,-0.0018820556041119526,0.05866152594901828,0.060618700115913846,0.13540653545515877,1385,41.175563810168875,41.980907
0.7567461241716956,1.1997642050804056,-0.08945654015192353,-0.029259159795345557,0.07745147402352844,0.03197015997211199,0.13039750544767909,1386,41.092328091878656,41.980907
0.5507730402487614,1.2832368275617978,0.33771946325703345,0.011655621153771237,-0.058012209050284626,0.009921326051174479,0.14767298701307868,1389,41.297681379365805,40.913635
0.6011332579475537,0.8157710976701142,0.15156775876149065,-0.005688650897396152,-0.03200405907564498,0.024192343144220807,0.12525050798992107,1390,40.69493657867075,40.913635
0.5976878486675345,0.8430286465137448,0.1471740909728019,-0.002633076980617007,-0.013900807270096667,0.036525606245916456,0.12047881287543301,1391,40.74307544415522,40.895454
0.5260254605452435,0.9784085462296483,0.32192760662284453,0.006167713388225732,0.03430684956323592,0.008086464388941138,0.1349418846337481,1392,41.0245788485024,40.895454
0.6777907384342242,1.022981218189929,0.25401537525233886,0.011762242753860116,0.09447949151693906,0.10061803674274597,0.12823558067381838,1393,41.30459700669434,41.353642
0.7757362930929687,0.7467645668002403,0.17730297420751706,-0.025994827535101555,0.024707556223522328,0.02090501059780504,0.1281051353976524,1394,40.862241031915104,41.100906
0.8874791341923731,0.6440125275905577,-0.14111528997733958,-0.017360330310537755,-0.003224017345560839,0.06490930810915964,0.11946588844076927,1395,40.56888154382996,40.484543
0.4583332249702246,-0.060974231982600435,0.15033179858024617,-0.0014474117223373666,0.06140782073712077,0.1320597033101221,0.09163368133811998,1396,39.84605890836137,40.275448
0.6367548513096309,-0.038815843777246506,-0.0499937388654595,0.0003863910403602266,0.07247246993734513,0.126912921854842,0.09156093926490895,1397,39.85399231389488,40.275448
0.7227619705846131,0.47387736349562654,-0.19267102470296812,-0.04183266719015276,-0.01854487948689446,-0.010994186345502623,0.11510670542015933,1398,40.06241760490542,39.597271
0.7939822156393472,0.5533914180988775,-0.15383852747632826,-0.010515412269277102,-0.03044452768700729,0.055796881919644346,0.12112186235729477,1399,40.344208233713104,39.597271
0.5135294840829172,-0.12342048112398961,-0.18842612533456812,0.008562163806266255,-0.07998881678431596,-0.0735194127962705,0.08385374730577441,1400,39.1553048822863,38.77364
0.3918901024064942,-0.22837239758356295,-0.09110000851275647,-0.08447968158870339,-0.0018741905867450876,0.033482721043353855,0.08121620272462128,1401,39.11547707103321,38.77364
0.42149818729240596,-0.7490893070156197,-0.12239733235791413,-0.08954958490742707,-0.03229032786318239,-0.17486539436875204,0.07099700133813402,1402,38.33901756524813,38.088181
0.29244218384898135,-0.6435027007007823,-0.17110159031975403,-0.07964175715695546,0.010911970870015305,0.03010901158130096,0.07076146845693018,1403,38.52469290971026,38.088181
-0.20060597095116303,-0.8266887805676861,-0.13452535026887744,-0.04421457530680512,-0.048205650425004555,0.012479528237233637,0.07259653846897343,1404,37.84555006231718,37.451817
-0.1972320724925149,-0.8867743699897426,-0.07039746040685939,-0.00477131787652763,-0.016655829225917497,0.02231189742876739,0.07352654866616712,1405,37.934721719233885,37.451817
-1.0352505957973424,0.07779421135038496,-0.15322778421345767,-0.03427924352200942,0.11757776922320266,0.03804343942754168,0.06628488677575253,1406,38.09165700637458,37.869995
-1.2790179912679918,0.21570189294153533,-0.17135418459249976,-0.03826836178831687,0.029047283867341064,-0.05428458920844194,0.06993313041077732,1407,37.786471503492926,37.964546
-0.8667310134022789,-0.4037819550372529,-0.12537956272007106,-0.029117530078997835,-0.020770003916375308,-0.002696531194131602,0.05440079358180474,1408,37.62063852036321,37.382729
-0.7132157255354075,-0.40180748767040525,-0.05216653401431886,-0.04597883439686807,-0.045330860058265525,0.02148122902139621,0.0626295203016348,1409,37.84032563077829,37.506363
-0.42002401107443277,-0.8120413732745395,-0.10070737094223561,-0.029975915959735963,-0.04526750484910208,0.02644819857451666,0.06876948564586761,1410,37.70191583125083,37.506363
-0.20968933954601526,-0.7377422636806679,-0.24209208189135054,-0.025266477035790123,-0.019666154335168218,0.010635782764846032,0.0750321315884597,1411,37.865925920994826,37.762726
-0.04345776324998533,-0.8884990702134749,-0.1812339344205901,0.01730003017618833,0.040047155753444315,0.009312468834277523,0.05845758156418563,1412,38.026640791574536,37.762726
0.3555004711572198,-1.1905406296757168,-0.23826577513893032,-0.018670341219692414,-0.07100500385060352,-0.05493348943132648,0.049259869219315675,1413,37.84605942419074,37.522728
0.3636481198614163,-1.7437653006576976,-0.16655670854648988,0.016623394674333297,-0.02077325138663814,0.012875891845104792,0.04534637487587854,1414,37.52211284379639,37.522728
0.18203904898017143,-1.5630421123748448,-0.1709808964207232,0.00829829691343481,-0.0115711499324167,0.009680368970929405,0.044099034777554884,1415,37.513236914044604,37.891811
-0.09990367458223955,-1.0867367717636087,-0.16867396156666273,-0.004199623356774907,0.019846242453564467,0.025135697521648133,0.06350962000292869,1416,37.76369185183935,37.891811
-0.3015495407874003,-1.1884980822049307,-0.1064346066675575,-0.045125566597223415,-0.031938434096926066,0.005675675705993405,-0.0831420789177508,1417,37.26370168956475,36.753639
-0.2608078407826021,-0.15029195011461152,-0.052442779177459216,-0.029928026706329918,0.052136244386603615,0.05876810948404814,-0.9115555030972584,1418,37.720592577122915,37.097267
-0.27544844041864,-0.7860950722325004,-0.20000402153115615,-0.03153379616505082,-0.05882873455666444,-0.0337977853518414,-0.2454847635746234,1419,37.38352170930006,37.097267
-0.12855896540973877,-0.8990857830146138,-0.12467847374943272,-0.004078410407133223,0.03482133301622611,0.01156479270132961,0.061095875026867114,1420,37.965794691294,38.022724
-0.0161970218754127,-0.9407892835935915,-0.09443371568387268,0.008472727958196586,0.028164548566888402,-0.0015166796079184365,0.06461724154014893,1421,38.06303214043493,38.022724
0.5994863629124573,-0.7727291633000023,-0.07237383331047277,0.08673583354538969,0.07396943441428971,-0.032426389764063465,0.06084914329697437,1422,38.95822571092508,38.213638
0.3066268257458531,-0.8837976605563354,-0.19012706396355739,0.01924758606070322,-0.03852993068966775,-0.05558115653485193,0.04945093576378008,1423,38.22200385895644,38.213638
0.4461928800294043,-0.8582850338045694,-0.18563447928177293,0.0008300058251077688,-0.05593081474235039,-0.04996142685609825,0.05197884782611915,1424,38.363904302126336,38.422726
0.4559155561113656,-0.8792445830386659,-0.272203498196931,0.0013018322489697068,-0.022072872721908877,-0.02106125059146171,0.052876811460409595,1425,38.33022631840225,38.422726
0.8680872519353063,0.4705166920714644,-0.4170988575637899,-0.026288761944337418,-0.021353457913457708,-0.05028434208351104,0.10394150976285853,1426,39.94223435739506,38.830002
0.5010578238809456,0.39668317663067554,0.051042294472617294,0.004463660843912383,-0.16125570932352137,-0.03489320177581626,0.12365880571064707,1427,39.89547117357004,38.830002
0.4073562015685501,-0.5991898277853585,0.06629491049012319,0.0075159820616608084,0.03067343144657713,0.07779251718794737,0.07620818737011349,1428,39.08136572547012,39.728176
0.571020267173571,-0.4140811594055254,-0.20346474887371108,0.09469524554644046,-0.023574352395666902,-0.025412876154227174,0.0727745879053864,1429,39.08667128692674,39.728176
0.6674196784589477,-0.26478026997217147,-0.1352731324361436,0.04718199773304409,-0.02830950039393878,0.014291012254113587,0.07564706279511726,1430,39.39089117156949,39.479088
0.707442009915672,-0.2901221095557498,0.03232573501870348,0.05870118713954772,0.06866112868300983,0.03942033066875969,0.08558635096974482,1431,39.71672895597022,40.433636
0.8306390285122667,0.6471936566112626,-0.22705437301681755,-0.08938213971544354,-0.018225202344869983,-0.05312020515341288,0.11268426068579868,1432,40.2174493487093,40.433636
0.7488813770413542,0.6000498994871531,-0.226626504564421,-0.15972070345518088,-0.004673258959706199,0.020263437007603653,0.026885412380275704,1433,40.01977398206757,41.099094
0.8557276611351168,1.222949289136537,-0.08982619664896546,-0.06997352569617317,-0.0025696655891591577,0.049842604753397524,0.1272646696055793,1434,41.108129159826824,41.099094
-0.3825173702368684,1.0242248713773454,0.13854781309500902,0.022179068242588786,0.03741797854973944,0.05298275492738135,0.12145755783177363,1437,40.0290069969175,40.913635
0.5148926956625669,1.2339029808893645,0.34606835133668007,0.011398780142252703,-0.04872108726877818,0.00013401967338939693,0.14113684833064705,1438,41.213526911896615,40.913635
0.9384394812214083,1.2790444485747892,0.2738410470978695,0.0008440899510642299,0.07082616494692527,0.029104279648482233,-0.22063208176579346,1439,41.386181752805236,41.159092
0.6658655221057003,1.340623279992653,0.31551659306397173,0.009303581258335292,0.061627585812632515,0.019853525853047754,0.07909289910606349,1440,41.50659731032287,41.159092
0.9758751025013991,1.2828857971573495,0.3159215098772466,0.006117043834316551,0.01468535007287425,0.024254741049329964,-0.37552386311403074,1441,41.258930004509,41.353642
0.7438933903582928,0.7812831424190039,0.1594012544963705,-0.010818244977771702,0.02019783717224611,0.036214528144494905,0.13492140084087914,1442,40.87980763158402,41.100906
0.6663337093064085,0.7966743917286487,0.13967921262280192,0.01135262847213267,0.01076193520866528,0.034327095191663715,0.13561220432205415,1443,40.809455499982896,41.100906
0.7331022374693771,-0.017147253954138714,-0.011896170433886636,0.046569344187494074,-0.006403381771072302,0.11883927653947972,0.09206391895902215,1444,39.969842294126806,40.448181
0.7007883344058999,-0.02821551388190865,-0.08379903397475282,0.021780299440442887,0.08271709422726098,0.17435232593078923,0.09094930017420955,1445,39.97328712945244,40.448181
0.6483842860092673,-0.48890776728785146,0.00013273704399582344,0.0664230135716643,-0.0019684757393663593,-0.01547243555749712,0.0798121800640126,1446,39.30311786123475,39.597271
0.6036608751007729,-0.45466464958223457,0.002968601447844185,0.05085079760112452,0.0626501944805092,0.036691652698418564,0.07899743195485018,1447,39.39586922683178,39.597271
0.47209460409976883,-0.7308310616336441,-0.11836827886985435,0.0009759609156034024,-0.046724094701408404,-0.03237656034118816,0.058942046098910114,1448,38.61842693869869,38.664547
-0.009726786142060151,-0.7153659853350057,-0.06287964128128899,0.025980805537587144,0.011038739891722176,0.022146223136250344,0.09628246078397458,1449,38.38219013972171,38.664547
0.13778385126546291,-0.39324123791506765,-0.05211554887531664,-0.03898473940702799,-0.03850770052332079,0.0749153510349835,0.10058983810531734,1450,38.805154136815524,38.088181
0.2556131806127933,-0.5367380917692568,-0.132623762782467,-0.025621494041737056,0.018652018407298576,-0.10836677959360606,0.0842357693601881,1451,38.56986516332368,38.088181
0.014095160051135449,0.470147515463144,-0.23027523239518613,-0.01835392689931661,-0.07720025317606874,-0.006859398724479117,0.10995464505255083,1452,39.27622283250232,38.399094
0.41092737297118687,0.3902144326706033,-0.23495288905032294,-0.03787216280071935,-0.01455041055383809,-0.05352494624925272,0.1152844878788626,1453,39.59024020799705,38.399094
-0.7469877076986928,0.5700558183583786,0.12459767397653015,0.024250114012816945,0.0025857132814095986,-0.02892593734408713,0.10265479606676348,1454,39.0629447937836,37.869995
-0.40375297902047025,0.8267593148021355,-0.1433401764523893,-0.07030364610985687,0.04935330173050965,0.03945533396803729,0.10529813141359545,1455,39.418183603462076,37.964546
-0.4916907752505844,-0.45707665913303047,-0.060406445308433025,-0.0566668499525762,-0.009728399368162778,0.043811346978607044,0.07480973425570085,1456,38.05776627535208,37.964546
0.26884124475174953,-0.4237501904729972,-0.03383534031652358,-0.05087833033136947,-0.08254689735409951,0.03706424698799239,0.07829155465532463,1457,38.80790061105059,38.126362
0.4882370563307313,-0.9325912789804686,-0.03732756136182425,-0.0012506685253986047,-0.06625035505619065,-0.04674350014792217,0.06153794335210442,1458,38.480325958741524,38.126362
0.2577694736394204,-0.9800613292579275,-0.10044681056519403,-0.015376795445569498,-0.03759183656931415,-0.01342262084440457,0.05764818760693041,1459,38.183232591694434,37.762726
0.08316124820599494,-0.6351048733646583,-0.12011124631751904,-0.01678393349281742,0.01765506010281322,0.014985950297448222,0.09001552707685676,1460,38.448532055638616,37.762726
0.31079700089185613,-0.7439111800205913,0.008502525668389514,-0.05572946416212773,-0.01699572975737815,0.00959928536421855,0.06615614944657548,1461,38.59313291056146,38.46273
-0.23393793439444763,-0.12299694835997518,-0.23058612556371652,-0.043590713216930047,-0.1015987980833821,-0.004671095949723506,0.08934484384008726,1463,38.36667755140244,37.891811
0.026994106844831722,0.06525934080831997,-0.13943260788877973,-0.00794267804805713,0.02955332518201899,0.06668821684104888,-0.4671601250838113,1464,38.588673901786066,37.257275
-0.18684993393690222,-0.5332641897665426,-0.005074514414388069,-0.019683956534733572,0.19924037023927102,0.11546544765681696,-0.4359194464779138,1465,38.14862809989611,37.735455
-0.16585250664179388,-0.6725169582281689,-0.1903981401550161,-0.009187731528730116,-0.003658926319705174,0.03475586030172503,-0.25471454910715746,1466,37.75314137145165,37.735455
-0.1666684978855396,-0.6420766713943811,-0.20340443313250756,-0.022800425461278813,-0.01589715349173948,-0.004336667615655256,0.08581898311612225,1467,38.045349457265516,38.022724
-0.3498128352119954,-0.6976572112744686,-0.0833610676475355,0.008261920285802816,-0.008155952912684871,0.022507649201716242,0.07118039592998167,1468,37.97767722150132,38.022724
0.48678535050571403,-1.130245828958001,-0.14488849588416688,0.017911108732109857,-0.03575692330675611,-0.016936219698327197,0.05154157132049292,1469,38.243124885841574,38.359089
0.4649595702557125,-1.1367229890219404,-0.1900685240853889,0.052379104913281654,-0.01924064818102461,-0.01819312143524827,0.05224055338812422,1470,38.220068268964035,38.359089
0.06812916288248307,-0.7268944219678392,-0.2125739271679992,0.012212279605088777,0.022411237693540642,-0.06057767427051887,0.08132429802612351,1471,38.19874527793137,38.422726
-0.057012589876127694,-0.691894278872627,-0.15827908661491794,0.0017027911345533079,0.01571471193977452,0.03714807363702062,0.08569887275073869,1472,38.24779281722893,38.422726
0.5751092210316368,0.5922973223901441,-0.18458527543177167,-0.12340049583891415,-0.015704466131066613,-0.021488467935208595,0.11337164736935038,1473,39.9503138085847,39.488186
0.33782042417346664,0.5232274824568867,0.09485405636738979,-0.01671509838628016,-0.14332770611236015,-0.022280681949162426,0.12165159048214012,1474,39.90994439016263,39.488186
-0.08121803668554257,0.0036626609578001156,-0.012774010175790614,0.044343495273011374,0.057383998164570335,0.05997831455176293,0.12789828914348833,1475,39.21398903435984,39.820908
0.21247148581392253,0.03709982043282508,-0.15117007970915972,0.10766627568449813,-0.050576744862241806,-0.01288634576314389,0.13138751749970778,1476,39.28870625222691,39.728176
-0.4467794740052645,-0.47646959574237996,-0.08110164104596415,-0.03646598710051767,-0.025243640938943233,0.026461574352695274,0.09069828838424883,1477,38.06581384703441,39.479088
0.6768758147173848,0.00692346872694172,-0.16174534286609793,0.07051871782593613,0.037646853768514336,0.12516989117624247,0.08751912813694022,1478,39.85762285461637,40.035454
0.9851246131684664,0.44218928438122734,-0.37608408335828797,0.023016229147137,-0.005482901001724426,0.02247748755539018,0.10825164144891555,1479,40.214206594471605,40.035454
1.043143998638343,0.5247387478043037,-0.18757399813320105,0.10686230283847314,0.014380300487573296,-0.035297752705176065,0.11587969027082085,1480,40.59684761233165,41.099094
0.9928717631131014,0.8155353957435493,-0.1002946929663183,0.13684225938108674,0.005285121523207201,-0.011523387821505247,0.12338247634894231,1481,40.97681325845259,41.099094
0.12744226723123522,1.0990573587398356,0.21770326406152102,-0.0002409774338312339,0.038107716115604234,0.02421738217891817,0.13771450962040033,1484,40.65871584364419,40.713631
0.5894305851523363,1.3132875241517556,0.4015565385304593,0.015376646990369395,0.057395638760188585,0.0011557265683824695,0.14357245559947884,1485,41.53648943888348,40.713631
0.6375487818689696,1.3270769150678898,0.3905315906125227,0.01439751900882379,0.06338318233243871,0.003778178286603648,0.1439280280885813,1486,41.59535851839631,41.159092
0.7451083136803555,1.2302025329941824,0.2759537488014945,0.005555039917447335,-0.010747067423783023,0.006360575500835595,0.1293744819253528,1487,41.3965219485264,41.159092
0.7767906571072373,1.3698145117443536,0.304140959949071,0.009791318858809427,0.00529477414523899,0.045546627115484274,0.1321984382411269,1488,41.6582916102918,41.886364
0.5240957754783407,0.8823612436969711,0.14399248220454974,0.08542417033861195,0.20323073494925728,0.04947067652898568,0.13857000162109612,1489,41.04185940794833,41.689999
0.8602343021346595,0.6930115637617236,-0.10174938601842114,0.060751849634414046,0.023285166486243746,0.07400941093163196,0.1355133106859329,1490,40.75977054074666,41.100906
0.5147274427093259,0.008686297331166116,0.00607088031423454,0.03620370178571266,0.057917674731175726,0.17035063525468436,0.09450266542346242,1491,39.90317362068026,40.448181
0.7257649781674366,-0.03305676714252503,-0.03223288099891606,0.03488493117049399,0.07327799916543509,0.06806649643750365,0.09334109907712695,1492,39.944760179007076,40.448181
0.640957087583769,-0.46427063020789855,-0.004178602722245638,0.025332906510505765,-0.01611670075222794,-0.0010211001705198348,0.0786104013971485,1493,39.27402768476905,39.624542
0.598271594615889,-0.4596106421172606,-0.00936604396898373,-0.013810495683799053,0.003354929115735092,0.021082481224324177,0.07676463605007598,1494,39.2314007823665,39.624542
0.3634381275533462,-0.7184825408725346,-0.04041715475554432,0.020223293631539907,0.0294914657131136,0.0024314151921684367,0.06381333810789987,1495,38.735212267700476,38.664547
0.39977577579962525,-0.7806968129661608,-0.04335154625830639,0.017233949378676342,-0.021923509258602637,-0.08439715505240936,0.0635294554763724,1496,38.56488448024971,38.664547
0.33037991142037865,-0.4809724688915246,-0.11422085198896861,0.02009653754261951,0.01527991167120708,-0.11601271185286637,0.08641988988292282,1497,38.75568454091424,38.619091
0.1355150732549638,-0.3446242310936549,-0.11448747536953141,0.019924567899604083,0.000348992744225869,-0.0688885664025977,0.11662958684971239,1498,38.75913227101319,38.619091
0.057292766692414406,0.555351821413304,0.10082184774914979,-0.02067185383283296,0.20859934217613768,0.021160248607634834,0.11168953093033045,1499,40.04895802686664,38.399094
0.018401894875922017,0.2839644039044576,-0.05446549920000275,-0.07043197441446951,-0.12860210552370482,-0.032504950857228175,0.10396996183070806,1500,39.1350460537462,38.399094
0.2613756842161391,0.7282200523695889,-0.13216472297142717,-0.054155457022299666,-0.02012601358405846,-0.031139123978998203,0.11965932956783101,1501,39.88638407172727,39.033634
0.00891219304595869,0.6066240993228856,-0.4682904431327656,-0.038061139404619415,-0.0903191593752951,-0.04238470164441059,0.1117594288439374,1502,39.102954600786234,38.73909
0.05609223500152535,-0.3380790954044615,-0.1463139488834104,0.0028988801507546834,0.018809127586384675,0.15877343098034705,0.09130412167098709,1503,38.85819907423266,38.73909
0.4539707099379161,-0.5726745040374059,-0.12950444156933688,-0.020237259219526012,-0.11171906427800371,-0.14897145688535032,0.08082456193819035,1504,38.56640286901698,38.126362
0.27017136281914034,-0.93144714107281,-0.11315953179642017,-0.018372696674895387,0.0060750676805072295,-0.027926877348590624,0.06116136135937008,1505,38.261215868096755,38.126362
-0.21316142639753366,-0.7552809996413632,-0.12182524290187893,0.022916031155851252,-0.021153482166054054,0.0323505477107377,0.06685325722700249,1506,38.025413008117226,38.257271
-0.08976987665145938,-0.5944231442663421,-0.1399661598996939,-0.020805422742802747,-0.09431996657460553,0.033679784311491226,0.084227067739822,1507,38.19333660504693,38.257271
0.5055741323058075,-0.6567303635163101,-0.06375203704321061,-0.05575530530459154,-0.0406561101071766,-0.029657581827373592,0.0704813547543731,1508,38.74421841239202,38.46273
0.3253208451210201,-0.9057976701015324,0.14091794855342898,-0.028177754568014204,0.0006262875659166915,0.037973878406087944,0.06715397961493168,1509,38.65273183772233,38.46273
0.14794752337892678,-0.7195913381495315,0.07525626810335427,0.014080631533601829,0.011409215880653639,0.06778933063149532,0.09426361398798731,1510,38.705869568497015,38.491817
-0.8745825169582491,-0.12498083093666809,-0.0888454096434163,-0.04096980325372013,-0.06983478221202936,0.025601764462650934,0.06182370307498513,1511,37.90292644766406,38.491817
-0.49215266451942435,0.07883952521715673,0.1522079361875827,0.021996238241757417,0.21555054015825004,0.060964955957241086,-0.8689285038756038,1512,38.183192350497485,37.679089
-0.5248331336893042,-0.3543217330231023,-0.04003055385229363,0.03207649996450995,0.25854507872967236,0.070715520986501,-0.26715613838169233,1513,38.1897098638648,37.735455
0.197139930362062,-0.7409559825619028,-0.20835801171696058,-0.012305763592478838,-0.07885730501891407,-0.06079013120699299,-0.14000723667268633,1514,37.97057982272265,37.735455
0.44470197114387494,-0.6580506100390972,-0.19372310397828105,0.014087836387348103,-0.05720739487775454,-0.1727296430580582,0.06236458906422768,1515,38.45415796777276,38.242722
0.48706005128539115,-0.6576576602090402,-0.16399987605518868,0.02501555506645246,-0.020884360285041113,-0.10896863758385845,0.06658011325854513,1516,38.64185950860777,38.242722
0.5485380341297837,-1.1008542830620778,-0.13632308238721427,0.02935091402353467,-0.016501934373766347,-0.031075928238630698,0.052836695555710286,1517,38.36068473877784,38.359089
0.07805072649416807,-1.2108743938395214,-0.1521202167668188,0.061857125906414935,-0.027754331774917686,-0.049936704097587395,0.049125765187644874,1518,37.7630622942399,38.359089
-0.7409296240939388,-0.7257543686497491,-0.10297840958467637,-0.01559374355448902,-0.10817258076061215,-0.026186712424695165,0.04674696828301365,1519,37.34184585234534,38.957272
-0.8878062994578079,-0.3562935033107228,0.02429126035999691,0.03037017551524543,-0.005521742216368656,0.04003805653739576,0.045369022065990805,1520,37.90516129262425,38.957272
0.44961955185121794,0.7338866506989943,-0.26213722478552004,-0.11026226434119159,-0.015606785264126965,-0.02079405702380213,0.1207324431627133,1521,39.910152637428844,40.160904
0.5486808581079675,0.5534678257608119,-0.12347197368828229,-0.07209355885369052,-0.04341328278756342,-0.003971705392684427,0.12416072272616527,1522,39.99807320900327,39.488186
0.6778954544501369,0.08936991121440478,-0.19353500426876558,0.040758872470452456,0.06467185361292743,0.1250848641083049,0.08631459681373019,1523,39.905274871531695,39.820908
-0.5767587538740442,0.02041659861204082,0.09593560632666467,0.009175673885343594,0.016328259648497944,0.0662410905841513,0.08140797250352977,1524,38.72746077081669,39.820908
-0.9914199101440655,-0.39903163726682245,0.033655606456799166,-0.002389846526386855,-0.05160290992826578,0.04279172549459436,0.05648544149888731,1525,37.70320279271527,39.602722
0.672028148921766,-0.14973511109643137,-0.12140526292027191,0.07732311086527172,0.018179382901616907,0.08751900616400622,0.08726913978845582,1526,39.685892737754926,40.035454
0.8396763649485851,0.44465529299283285,-0.17671060233334418,-0.032283081800184625,0.0033958763269450153,0.04320329546851114,0.11432688747327868,1527,40.25097835620717,40.035454
0.8968444509917144,0.4441773559492761,-0.038918420291312,-0.013081135464691595,-0.02973562930787881,0.02442269196679106,0.11904753286810855,1528,40.41747116984256,41.128181
0.9422527750522581,0.7291700360966619,0.100823287096043,0.04753572451597646,0.005578475228213049,0.03219494973388163,0.12867323590144616,1529,41.000942806755,41.128181
0.8340609707468513,0.7106955626994398,-0.07583510074356893,-0.009696743296737278,-0.010317819532821366,0.00544903331755873,0.12559851842442735,1530,40.59466874474565,41.210003
0.6430840098363193,1.2946806411542147,0.2839740610698116,0.0034270616096944407,-0.04781418378926883,0.024968688974223177,0.14537887081468587,1532,41.36241347280012,40.713631
0.657302381630011,1.322426104808488,0.237894403179229,0.005408981174729413,0.034940095386082295,0.03130565911928655,0.140744615988168,1533,41.44473656441645,41.368179
0.7230590763562053,1.2267781390231078,0.21602128918124244,0.00854451703494696,0.09746958089564133,0.05267287409084486,0.13193840184036512,1534,41.471198201552845,41.368179
0.7577872576501107,1.4103559271674775,0.37765118506962664,0.017646595181648773,0.13247069590774796,0.052866122702710835,0.13767589077514178,1535,41.901167997584935,41.886364
-0.13038604146799299,0.9929612748039714,0.15467294130084092,0.04278232097069508,0.2459495591647057,0.0957870456786917,0.13473690244237316,1536,40.55121832602379,41.689999
0.24927783187327543,1.0930946097506373,0.08476960521260475,0.09578750740970823,-0.07748272908705318,-0.009916294009697853,0.13816387372361427,1537,40.5884087280036,41.689999
0.26498998078339564,1.1019992423091762,0.12296901954910872,0.0073527639178048035,0.16501013417714724,0.06610734580234859,0.14059333311877759,1538,40.88373614278827,41.093636
0.7065004849973259,0.9707454722427857,-0.04477102304105759,-0.07236797234414469,-0.03723559126267764,-0.03242602458747728,-0.0710658667585979,1539,40.434093802376644,41.093636
0.6227143921629558,-0.11014019286402248,-0.11967781577885059,0.018030485783552486,0.03734391450282636,0.11826614269511161,0.08831400309203963,1540,39.6695652527241,39.624542
0.6065556273965258,-0.1276963391651758,-0.11134533224122083,-0.03303095753413481,0.027591912733717704,0.10603766375946322,0.08426429493255623,1541,39.567091193012224,39.624542
0.7324340495047851,0.44420535898622787,-0.2106605438706514,-0.028331171532566174,-0.02492177815784577,0.03529450543906799,0.11863457660321645,1542,40.08136932010277,39.28091
0.056324710113095755,0.27816840450349495,-0.44445868572465863,-0.034708694597358536,-0.047972640880031725,-0.0037860339396587517,0.10293577028630006,1543,38.92121715289167,39.28091
0.14579392710753644,0.4118103430301256,-0.12813315714827683,-0.07759875178421871,0.10082379658626862,-0.024135414386512354,0.10834107352337694,1544,39.55161614005881,38.619091
0.7713914760054928,0.5048079149743291,-0.22119174142226203,0.026977220644391228,-0.020201118795742407,-0.04720617833042244,0.11660437299837963,1545,40.145896269204634,38.619091
-0.4465342034628856,0.4812151120654496,-0.08367372272463026,-0.01481165376156429,-0.0028800256642585844,0.0034018825947065047,0.09059857897358883,1546,39.042030291150915,39.113632
-0.41257686684493194,0.39366627395569376,0.06604728695558769,-0.017658321168104965,0.1616314659944634,-0.01327027616717238,0.09236053388379602,1547,39.284914419739856,39.113632
-0.037814334742519315,-0.19877932178807298,0.07511651334852575,-0.002262126530130661,0.24837957722278078,0.15097630759248779,0.1085488985450434,1548,39.35887983677863,39.369999
0.07268944295757042,-0.2155272868928387,-0.015776887941543385,-0.04637504322847067,0.10568672604343717,0.1575147270678358,0.10291228127632711,1549,39.17583828241282,38.73909
0.34259142789001196,-1.1358836623361757,-0.02818461126560952,0.025643085394222696,0.04946384041766206,0.0117464844119054,0.059060544711493204,1550,38.33915143235401,38.73909
0.4354215168017612,-1.0491140936991243,-0.03359100400388295,0.023220817798810894,0.03728413743346775,0.006555828712699608,-0.16308838929159844,1551,38.27140313688264,38.199093
-0.12355224849185575,-1.1870766174717111,-0.0977897764549172,0.028001449532762512,0.005885796584165235,-0.010892835555836481,0.0002809064212185925,1552,37.62957099769431,38.199093
0.2581696983148821,-1.4208694408756632,-0.1693637510249328,0.0484066726374365,-0.007482806537083531,-0.008966524106131664,0.04749907025235615,1553,37.762107241791355,38.257271
0.4678003940828674,-1.1170597418085308,-0.17030040868914761,0.03992551935192641,-0.039981205908113035,-0.01578243272380513,0.05215572924470949,1554,38.231472176680384,38.257271
0.5035401478836964,-1.0468710397185879,-0.16116876169002503,0.04019655923078373,-0.017906571828040195,-0.007317402884509549,-0.018327564703463944,1555,38.30685968942036,38.584541
-0.3700707757304972,-0.40627572501626924,0.13227175393205073,-0.017030667429278615,0.050019613797810045,0.08050081989726494,0.08986599605176619,1556,38.573995338633374,38.584541
-0.14173154263832782,-0.33294314900892785,0.04567556869480935,-0.018559968900943174,-0.055498580528859906,0.022790494986117814,0.10401781326336948,1557,38.63846495899776,38.41
0.01876051360705912,-0.31310830013060953,-0.1178694048018361,-0.03360127980895225,0.021074681349561194,0.019383328686951338,0.10880571918198627,1558,38.718159581214664,38.491817
-0.26025833756163486,0.2314957205771036,-0.025269579694048947,0.028209373125806545,0.2228927214430403,0.13840053866045024,-0.9926063574261419,1559,38.3575784022551,37.679089
-0.13587308877133256,-1.0087465295965552,-0.11331221460306704,0.06276947523343382,0.017174198582184927,0.006844348754696931,-0.018923526175629313,1560,37.824646986554264,38.048183
0.5187906150625285,-1.1364466222532683,-0.1872866535551681,0.011549757676820649,-0.03336126442076281,-0.015641906936056982,0.05173297353897933,1561,38.22405122224355,38.048183
0.5473520682043573,-1.113900731875883,-0.17412019798153472,0.017065121764051682,-0.0005705381328875142,-0.02665423224434741,0.052618434881395115,1562,38.31650424774564,38.242722
0.5478071083811361,-1.1303591028268785,-0.17544311082629355,0.004546684894782179,-0.03318612461797328,-0.02283995508178551,0.05266111435990162,1563,38.25790093741337,38.242722
0.5116937018078666,-0.6257331916024655,-0.1785406586677688,0.046550177498127905,-0.06556027907589905,-0.10830609101759249,0.06288857272413839,1564,38.65770655479689,38.720909
0.12765327380596192,-0.6375004750248083,-0.08763634691363897,-0.039951659992707216,0.029220103571636572,0.018592151032044778,0.0930291938575355,1565,38.51812056346654,38.720909
0.042591967333464556,0.6299008067219164,0.025625947089149018,0.019101434054596526,-0.04239126423216423,0.018836839361777265,0.1095512563508784,1566,39.81793130981013,40.122715
-0.49504740406469877,0.3549961468282505,-0.14768176917020107,-0.00231934323943916,-0.0776799740116003,-0.007553207734401529,0.0826342615435648,1567,38.722063033282005,38.957272
0.7364613303168814,0.6735952310419937,-0.17657132524338523,-0.061977963601482305,0.06802960657644379,0.004800224217855327,0.11871124470115003,1568,40.37776267113999,40.160904
0.7051807900509651,0.6324211502772189,0.03090272691236935,-0.0509134093609618,-0.05746401131016184,0.008910193307287796,0.1244341063571858,1569,40.40818586936442,40.160904
-0.47496272198017125,-0.029406253205757866,-0.089289308882741,0.02013665984014789,0.03005870336325173,0.04216921090895432,0.07672558572412316,1570,38.59014619889832,40.004551
-0.6167583832382837,-0.022217707920820565,-0.09304455490691671,0.08805147629629763,-0.052679481780481006,0.006052014091743931,0.06772376779306512,1571,38.39184145346512,39.602722
-0.012090899461779341,-0.39676812269652345,-0.10935605452268377,0.13805956115524537,0.03383079299258168,0.03659560722583777,0.107406014936077,1572,38.812391222759246,39.602722
0.6684350613643444,-0.47119443539280514,-0.014605201872573933,0.11643670264710332,0.054522419295130894,0.09884526643456083,0.07389612723271963,1573,39.54105026283897,40.395454
0.9707236245652424,0.5275035062976159,-0.14730056167119532,0.05877145196063887,0.01795542068511019,0.02922690190129889,0.11823997970279107,1574,40.589834646571994,40.395454
0.6630899089628057,0.5408123296224545,0.016846054488087753,0.0050657715535868085,0.06991524533870465,0.007925056210126891,0.1246593203086998,1575,40.44302800961499,41.128181
0.5774242542252301,1.320816137506693,0.022501672613014948,0.05221042891981935,0.024870079400186873,0.004813621958580954,0.13537920877970616,1576,41.15272972653377,41.128181
0.9256441205667443,1.2955516835155558,-0.07904931446350934,0.07366380149848756,0.010167408199843046,0.03261036809552394,0.13266925456533618,1577,41.40597164510845,41.210003
0.6443661271735664,1.2850220161678092,0.26486924231493525,0.0037372669609235217,-0.06298557253559513,0.025338490134579235,0.14466611716377406,1579,41.319728010510424,41.035454
0.6602260785815781,1.3105177151458773,0.2436516438202676,0.008080528901348739,0.08427114612854801,0.05703820000504725,0.1371708032866072,1580,41.515670438999734,41.368179
0.6782355045528943,1.2270242293429554,0.228526396625765,0.005390228648781203,0.058152342230378386,0.05126571507739583,0.12857306479583036,1581,41.39188180440448,41.368179
0.7174696940819929,1.372001316727133,0.3925928973378346,0.014190206994759286,0.07993551048742199,0.027763525363259624,0.13682845800546153,1582,41.75549593212836,42.268181
-0.23979798805697305,0.8653825288265332,0.13592712660649264,0.039928286975986674,0.1450661180810302,0.05941421237485564,0.13064910949703995,1583,40.15128371743545,42.500908
0.5370828567225449,1.2553635754345394,0.07765232853317969,0.1536490497106128,-0.006627807329485405,0.020276245807056982,0.14160763625244976,1584,41.19371820826143,42.500908
0.5288327036689713,1.008884125373353,0.27879490965329407,0.006163830162122922,-0.007118734080930526,0.01649835672724729,0.1317307672681288,1585,40.978500281902704,41.093636
0.5176428616353913,1.005474865978014,0.2872691428008614,0.00670354231915589,0.0004247588968691922,0.035709238110725496,0.1305325206923041,1586,40.99847125356385,41.093636
0.647824695710037,-0.06224548192266629,-0.04829962143504653,0.029250693406862253,0.05246873269474477,0.10997836996723186,0.09173050018605158,1587,39.83542221173769,40.462727
0.6982051286282824,0.04794516356599887,0.06675632502863672,0.01175065911908331,0.08554029346427043,0.1561841727722441,0.09268381614948677,1588,40.173779881858465,40.462727
0.8126469336794754,0.5427676642558195,0.13721058756504698,-0.030866551941662025,-0.011781964326298971,0.0248064778651637,0.13112279144726888,1589,40.62062026167534,39.28091
0.13248948561364013,0.479093749820885,0.06903819844754545,-0.007492345855640741,0.14686784941468065,0.021019313069685033,0.11995405464636388,1590,39.975684628287645,39.28091
-0.36680489682948164,0.4075839423230894,0.08696165691903038,-0.009132544113855617,0.1576717774223483,-0.0036900482929417273,0.09710132018499479,1591,39.38440553074371,39.45546
0.6969926142862439,0.5177141023120099,-0.0676248028318504,0.03673894116533007,-0.014458765004821782,-0.02791249963172421,0.12153643629682911,1592,40.27770034972252,39.45546
0.8920704691740772,0.443242264383704,-0.3155433637125084,0.003867973968467078,-0.029630110531959804,-0.0753250962770876,0.10896450855587095,1593,40.04236096869107,39.166367
0.8038236558882877,0.4650169204474144,-0.506606268594051,0.020256158717989647,-0.033608287995455,-0.03423079971428168,0.10413169915867758,1594,39.83349740103908,39.113632
0.5208211765858048,-0.1738664833330082,-0.1941325364208062,-0.00471564208187976,-0.05550810354500644,0.09436194728358496,0.0797577803935735,1595,39.28143246201275,39.369999
-0.1714119808981568,-0.2328493474190195,-0.0988338439503546,0.0356606686604437,0.02705956056833883,0.039777823233196855,0.10851674849876028,1596,38.72263395182369,38.830002
0.17204438170565356,-1.0867709303898814,-0.07469238283883912,0.025857664659102157,0.027209774148947243,-0.01620570507631188,0.05749853789543545,1597,38.11965566323462,38.830002
0.4814942329875082,-1.2601411215469747,-0.07610972464187077,0.012495875760657617,-0.047116628921577204,-0.14235668253086306,0.056114827593547925,1598,38.039095101830895,38.199093
0.30257090438898443,-1.5104276035295012,-0.1822159848660446,0.0026172738434380883,-0.018797187393209482,-0.03815726360960445,0.046953383134687644,1599,37.61725784509926,38.199093
0.39105305351361475,-1.4621747474317597,-0.14996641517575468,0.0005456752976757794,-0.03035165247635522,-0.03478799072534956,0.0474918177741177,1600,37.77652406390669,37.880905
-0.030022717581185188,-1.1711856359899768,-0.1800386255394444,0.06181514878825157,-0.03483663326217672,-0.028785146870346893,-0.0434456459957406,1601,37.5882150666799,37.880905
0.46650359378082074,-1.1574001292616884,-0.1528902072756582,0.026460244878281153,-0.05448096311092034,-0.06388357217968883,0.052300221843105094,1602,38.131323511804744,37.959095
0.028089479994578653,-0.4001482955150009,-0.12859001056630925,-0.03801392820130772,-0.005275658366952897,0.03161265663693634,0.09806259510779516,1603,38.600451162220246,38.584541
0.304599736758281,-0.3507788643823994,-0.14495429656967843,-0.0538545010599449,0.02578804141619042,0.05708366870325038,0.083760376284207,1604,38.936358484280426,38.41
0.5378878271817837,-0.2922601682737255,-0.11722096122955393,-0.039251318057752,0.02887282315704113,0.06824829209197837,0.08430304147108453,1605,39.28529385947135,38.41
0.13539037623524894,0.3519276215393984,-0.03428278651187017,-0.004028896659713108,0.0313226978356529,0.1264732848478732,-1.2839230366124081,1606,38.33759358380473,37.911816
0.5112674285471804,-1.0733449110255096,-0.16940723610962524,0.015970100920929414,-0.03671774351026562,-0.031465458646602655,0.054004794485066475,1607,38.285021297791666,38.048183
0.5100818507193473,-1.1361401635094375,-0.18919921406828216,-0.0025950862506712554,-0.030518631950003754,-0.03224407037110304,0.05234195411014786,1608,38.18644096181048,38.048183
0.5720895763157006,-1.1316844016184078,-0.16610514252543546,0.011662070764652296,-0.006806825853334283,-0.06343503939106643,0.05223438154216385,1609,38.282668942364765,38.397274
0.5511660059647165,-1.1228064364384303,-0.1647368210044558,0.016223680198064572,-0.004003692949087915,-0.0525387760163849,0.05230989457984576,1610,38.29032817746477,38.397274
0.5207498810708893,-0.5831798375998023,-0.1563303589585605,0.05037711994349454,-0.033470134176835135,-0.11188892088072151,0.06506389430047843,1611,38.766035966829435,38.720909
0.3858567053691603,-0.542736867545782,-0.11604276200667572,-0.035871184505015266,-0.015902252544426548,0.011148939320367241,0.06814389395788702,1612,38.769310795176025,38.720909
0.6354907221252204,0.5340596651111195,-0.19023675664444875,-0.07392840070807144,-0.035170558744843185,0.04291415626502046,0.11949630003658676,1613,40.04733945057113,40.122715
0.30801695960141817,0.6902328543474426,-0.07655032979135311,0.054738363947076075,-0.08181539909167394,0.015625501513125407,0.12280072085895877,1614,40.047762994515494,40.122715
0.6918390758738058,0.6708450288294135,0.05782011216350852,-0.027092152228582196,0.0015424278464020705,0.036845732823234764,0.12057886997164137,1615,40.56709341840995,40.704544
0.6162549889003972,0.659574755944447,0.14733472150992116,-0.004632773965461438,-0.08284413393955771,0.019236496233929378,0.11473878696447881,1616,40.48437716477869,40.160904
-0.6219219445230622,-0.06783846848304487,-0.016522285528795255,0.14897877660091854,0.003326607876322267,0.03274863704188332,0.06804897086608454,1617,38.561534616980815,40.004551
0.0731478712445994,0.01690989322103328,-0.20405391794513575,0.08733233292873621,-0.04966622142527424,-0.02056655798383195,0.11999162601371259,1618,39.03780934918433,39.773636
0.3256695230550784,-0.3983043162592437,-0.13645660881549387,0.07598258224022844,0.05804522834640462,0.03601164487375409,0.07749098926114305,1619,39.05315336583234,39.773636
0.6248969502264691,-0.3582463060272265,-0.1182291413525388,0.10721539787344753,-1.860993081536909e-05,0.017131887720434957,0.07744865113854167,1620,39.3649131527788,40.395454
0.9271294317876185,0.5372070148681605,-0.133865776248926,0.11046968354326209,-0.03394060474408621,0.01221441123437428,0.11898120830091852,1621,40.552909691871825,40.395454
0.7474697854859418,0.7391398074296117,-0.04567548796910901,0.08517180328329373,0.04911545908804701,0.09333430522359094,0.13775779601270302,1622,40.821027791684585,41.855453
0.5366702003934114,1.3913882295692688,0.04516133812198936,0.09457617686687747,0.008296939677355182,0.017835802932155698,0.14344847490858811,1623,41.252091485600175,41.855453
1.037803900274716,1.2116745658931543,-0.02439018739822281,0.08921175646025106,0.021615594285135466,0.039391875364908416,0.132766721389094,1624,41.52278854939952,41.744541
0.47386412776862274,1.2695873813614165,0.3496123847181977,0.012919998631308108,-0.07758397614662958,0.005663779745226436,0.14629904461167673,1626,41.19507706382027,41.035454
0.8941637018392431,1.4281032416056039,0.4867876446142415,0.01442281105088233,0.15846113526305494,0.036090830252730764,-0.22512290955692976,1627,41.807620778199336,41.751816
0.9200079055856321,1.0692799956595453,0.401961052584103,0.009985686095979648,0.0878275990625227,0.032011008942047704,-0.19285443321484436,1628,41.342933137845506,41.751816
0.5000090418659271,0.8701979237543941,0.3004201753464713,0.004878759713137428,0.04740853102795115,0.02332322874183462,0.12582279806318364,1629,40.8867747816434,42.908176
0.6044758919766793,1.1369862428653217,0.5343422499137028,0.05348377260157851,0.14143742772030943,0.07237374091449725,0.13914028465945058,1630,41.696953933782034,42.500908
0.6230010350238697,1.095399288511941,0.5277656411289605,0.04389490071435562,0.14170983928144387,0.07646479848512816,0.14112715598173908,1631,41.664076982257924,42.500908
0.6654045147268401,0.9446067228756166,0.42616491862014405,0.050461414759730094,0.14927826105081707,0.055383131633862756,0.13730487038955447,1632,41.44331815718708,41.826363
0.8015484697599156,0.985495086852126,0.4538395348545705,0.0323613046777326,0.03649748798154902,0.06154680607757344,0.13962631317492563,1633,41.52562932650891,41.826363
0.7418437751290652,-0.06305049272583817,0.044920476639262165,0.0032311326479281923,0.003253159330437045,0.16322869220577788,0.08820228134264577,1634,39.996343347699785,40.462727
0.6836829236875013,-0.05442825343362232,0.02807963219144527,0.020943724687843286,-0.008446849111463331,0.08362946630737181,0.09154283930462961,1635,39.85971780676418,40.462727
0.8874047406652735,0.5037003657505454,-0.18213567102454914,-0.03604646347988252,-0.02227250919273518,0.05012437065648708,0.11708961213067547,1636,40.33257876863635,40.306358
0.7968245811444209,0.5427144368624482,-0.189292859051968,0.006367950703541313,-0.03323219755822592,0.04405747908876658,0.12041566476221108,1637,40.30256937908171,40.306358
0.16549613760138193,-0.020197653821575727,-0.1421324609885551,0.11790298276535902,0.037114006080301215,0.06438270928952976,0.12317109608903976,1638,39.36045114014597,40.008183
0.2179355262561778,-0.20346232333160047,-0.1420898548403203,0.043077239623511454,-0.0360697395561126,-0.03770610800353068,0.11700255005193387,1639,38.97340161333053,39.45546
0.403703257848222,-0.4259821576383734,-0.15556399558335296,0.0399828574765559,0.004298420190380822,0.017041522981694823,0.07351205028282538,1640,38.97170627868844,39.166367
0.5617101189468756,-0.5116007880854201,-0.13108258849284488,0.036687571143866685,-0.008370489124991509,-0.05447973266919233,0.06973123881261571,1641,38.97730965366139,39.166367
0.5436747570273097,-0.5286129403770824,-0.14422543458857007,0.06861958564854514,-0.023901369979531826,0.010488431884511878,0.07164937953765477,1642,39.01240673228332,39.195454
0.43674192559129926,-0.6765205097073982,-0.21842367723500233,0.04376377271512412,-0.011262465562864638,-0.11447563527818115,0.06225146901064159,1643,38.536789202664124,38.830002
0.5883122690994865,-1.2620008427541347,-0.0052856061279708795,0.047387388193542705,-0.000957278944499693,-0.026167339248811473,0.05968009935332543,1644,38.415683012701464,38.830002
0.48360094265834414,-1.1986800000156623,-0.15360072626871035,0.019138812692291545,-0.06366631449527296,-0.06653237299081667,0.052428987191302935,1645,38.08740365190199,38.164543
-0.05719470585573713,-1.1422489534846725,-0.17059883690983207,0.06518644826196493,0.023109136288288964,0.003410127066327463,0.054046568276363255,1646,37.79042410677323,38.164543
0.3031974413462706,-1.1750367023689285,-0.12164797345632515,0.024960773834014485,-0.008639281550943253,0.015444393932506802,0.05146026950339645,1647,38.10445324437049,37.950001
-0.09000048493656847,-0.9891072592479425,-0.1695196870450313,0.011820661051494645,-0.10563540491815854,-0.04950204633999075,-0.009714975558959262,1648,37.61305512613536,37.880905
0.4125026501159519,-1.0292557230623336,-0.15122885896862165,-0.02477202721477016,-0.0325626625864745,-0.0632657009809079,-0.02160089470085351,1649,38.104531105732505,37.959095
0.08065787166949158,-0.571304536727523,-0.12828974414475955,-0.041740097837654165,-0.06911735552260115,-0.1087975626512202,0.09927234151387167,1650,38.275395239430075,37.959095
0.26704131063327263,-0.5440608490259089,-0.09720254470990473,-0.04246854378067949,-0.01779007290747692,0.02574671640958192,0.07736728592195995,1651,38.683347625671345,37.975452
0.6043629001120095,-0.6612067887602624,-0.07425355970713332,0.030764220263557216,-0.03588866441829527,-0.04411127055628419,-0.2927540175729676,1652,38.54162714249114,38.41
0.2949323089727804,0.18374847078770676,-0.12898379544978983,0.030272431584487773,0.0032013451631481013,-0.001393866575540578,-1.1285393294816328,1653,38.26795188813167,37.911816
0.4522160067400943,-1.616140350549768,-0.07835597920040951,0.050923500702917776,0.001149440429332158,-0.004229894008512816,0.04973467273467586,1654,37.870011719978834,38.06636
0.4520980898609898,-1.754658837726301,-0.05386948346958721,0.011625190707662408,0.012565256745158402,0.00552388064038701,0.050706168943807084,1655,37.738704588832626,38.06636
0.48865797295859653,-1.5095279509205128,-0.16411343425422265,0.05191880516479244,-0.0034969656968386943,-0.01452923996283237,0.04728103710120052,1656,37.91090454752066,38.397274
0.43331713135490146,-1.5753810110197193,-0.16886081030504613,0.03920385332214067,-0.03525195046767455,-0.04687709622558631,0.04630990560719554,1657,37.707174345396666,38.397274
0.5392336210361001,-0.5739287975547619,-0.14015832541813933,0.042813892834690594,-0.004887314014543144,-0.09995582454067102,0.06624288332953496,1658,38.844074458802694,39.162727
0.10365550226288643,-0.5710463328327862,-0.128887000569868,0.01736714882575578,0.025384228126058422,0.06833345541450263,0.09055649244366713,1659,38.620077816800695,39.162727
0.21895081704068015,0.8019652764620732,-0.25442461904566116,0.042959141945330404,-0.037043311065650564,0.0014206879384605871,0.1295901220708031,1660,39.918132438476555,40.631817
0.29074391640432107,0.78759889315234,-0.08192931988609045,-0.04769090303957742,0.026286678701276267,-0.020133058613818193,0.12613223618618327,1661,40.09572276603518,40.122715
0.5467862245162318,1.2073179518441408,-0.1483391598034845,-0.0457659150624499,0.04228568449558673,0.02346239375084,0.13081280698985423,1662,40.77127430986126,40.704544
-0.01818398487459682,1.1120311664100646,0.2165213746297972,0.006104030373336203,0.12115383006101806,0.03833321713988083,0.1263070771381645,1663,40.61698103400816,40.704544
-0.36368276106720326,0.7100606672488267,-0.03003580877947928,-0.029501371856542148,0.033110154064739696,0.046051014373013455,0.11413420467618245,1664,39.49485042179002,40.366367
0.24114043055824808,0.8783943930818747,0.009973123452148694,0.00968440053916163,0.11488781141350322,0.04100222031956256,0.13172061333832247,1665,40.44151731583334,39.773636
0.6631523738248899,-0.002867355406765682,-0.1616945367493014,0.0686184211285438,-0.06968351353533336,-0.10002881654074591,0.08788833826123145,1666,39.50009923411301,39.773636
0.5292758348839264,0.0953639099964069,-0.02875532817727647,0.0919401886649108,0.08370580443612696,0.21382389209590355,0.09682881072936163,1667,40.09689743575985,41.122726
1.0514479708310027,0.6236611305007213,-0.15733277533709944,0.12504507867105386,0.02807080416406814,0.06260654859825372,-0.07798072555567416,1668,40.67023235500281,41.122726
0.49612609344148084,0.8749392221209298,0.19393652411770448,0.05614220882739052,0.2562393770568064,0.04842238316386648,0.08424909213267118,1669,41.02476922399136,41.980911
0.29267693919843146,1.0242213125744777,0.24182974315794759,0.02948820198311454,0.12257242699451727,0.08380023876518286,0.133640925822014,1670,40.9429441116262,41.855453
0.5564888166801145,1.0209017295168756,0.36813142913302416,0.013562151281624649,0.0886136270295396,0.03987278930592291,0.126921825553547,1671,41.229206691631155,41.744541
0.5212212904488333,1.3466569333289955,0.34370902328365166,0.014320227117243421,0.045617334063730516,0.019814143787614157,0.14232005079393056,1673,41.44837332595449,41.439083
0.9034857242944339,1.405439626841963,0.3851865115416223,0.006366553587406956,0.10173447085966734,0.03430076727934719,-0.23034427280159453,1674,41.62088370473332,41.95364
1.059282406341215,1.0224871163636604,0.29341941406600974,0.005589565293631952,0.1156300445751794,0.1135965149839628,-0.2093908815972852,1675,41.415328503156886,41.751816
0.6901754873338598,1.0442631519902352,0.3201995541884374,0.017165751929485402,0.17815953553724456,0.14867507473441505,0.12760583953307786,1676,41.54095871837725,42.908176
0.8209200764761421,1.2318596737333587,0.5417494233365963,0.04953897712141053,0.02351599347921894,0.05548878343469122,0.13982280566787805,1677,41.877610056379794,42.850002
0.8673317019046887,1.017217957962564,0.28505884040812224,0.014549966461996671,0.07534977281477208,0.03735783907689942,0.13734895108088846,1678,41.448929352840445,42.850002
0.5739164980746055,0.9947282292437885,0.5309400846100815,0.07938406880842712,0.20245866719689426,0.07444898290748894,0.14072404716500128,1679,41.6113149011368,41.826363
0.6556095038802826,1.0312095813554525,0.21503999688316056,0.062293340636528124,0.01236596339573004,0.06531074473903568,0.14912905142360156,1680,41.20567250544429,41.826363
0.04877635606175494,-0.3049363724948181,0.1879520672911543,-0.01657716059286958,0.2346128305761781,0.13685691619134643,0.11094206875281182,1681,39.41234102891608,41.215454
0.761936372559972,-0.004044052146635559,0.15960298167194514,0.03415765382159088,0.0569187288393988,0.1715975650491294,0.09242232568367391,1682,40.28730589860957,41.215454
0.9203063016120164,0.5674587262688516,-0.10936889361284427,-0.011684830838106567,-0.01762520233459366,0.05369427151362771,0.12142826048393403,1683,40.53892295622339,40.959087
0.8659036810587274,0.5384604945886136,-0.1104132465357107,-0.030918456892771402,-0.03183286539805627,0.058025439755079275,0.11910209987506877,1684,40.42304146958147,40.306358
0.09177189822341857,-0.06767663540591184,0.05366359269519642,0.04057293424179409,-0.011856167197173606,0.05697557025444075,0.12273161741823309,1685,39.300897133360564,40.008183
0.6606401982377109,-0.06747282339900391,-0.10305690641753171,-0.02853654991689686,0.057534151708022556,0.12832808741943189,0.08676798702416831,1686,39.74891846778641,40.008183
0.5493511056299655,-0.44787395296687293,-0.16020545811407386,0.057099179723520486,0.014234627403109571,0.13682734699202584,0.06778132988610562,1687,39.23192850168428,39.266365
0.5616445338511561,-0.45457198442144153,-0.15992418279794757,0.06779722582968425,-0.0026930948469051936,0.029632310673626976,0.06920473895176768,1688,39.125803870370476,39.166367
0.14529690557301678,-0.470225822641125,-0.19886626985666475,0.10517210783066416,0.05870942432934238,0.011586917184789755,0.09878042639475884,1689,38.765168011945285,39.195454
0.3299228582815844,-0.7490900367112362,-0.0667203053702575,-0.039010373728129606,0.0036793562629407702,0.052874439885339186,0.06518442675412421,1690,38.61155468850486,39.202721
0.39595924685560285,-1.2988405559335616,-0.02818623520542655,0.031712466052625725,0.027930818866973527,0.049105232143761085,0.05595314395919618,1691,38.24834843986967,39.202721
0.45009486260098314,-1.1842092093697072,-0.16894488611287475,0.03374503232061957,-0.054728709980785134,-0.055466568650686415,0.052784569879303224,1692,38.087989413817354,38.164543
0.432237736316758,-1.1952233203714941,-0.15522592537849733,0.009670935926670617,-0.0031740039337012998,-0.024712723442678674,0.05117373382851052,1693,38.129460756076085,38.164543
0.49580318897635334,-1.2516702559188957,-0.16417544538263346,-0.009361725249768355,-0.0443229737579163,-0.03244300540862269,0.05002059752277771,1694,38.05856470391179,37.950001
0.2270465693499294,-1.0578909480364604,-0.18749334338890516,0.01234636827075705,-0.04388697321648962,-0.007171958577835045,0.05283754358797036,1695,38.01050158111946,37.950001
0.36690969369343845,-1.145043566238118,-0.08996145514621197,-0.03371502413816397,-0.052817629839172556,-0.029151012213933382,0.05413565462807282,1696,38.085070983876406,37.782722
-0.8317847828890614,-0.41644193124912904,-0.010340852095878575,-0.05286245144952729,-0.004038698503253444,0.03559432147551384,0.05431584652165451,1697,37.78915577494085,37.959095
0.0071097360132838265,-0.5068914190819016,-0.17631538923773687,-0.019334487587627257,-0.059185878158163896,0.013872635827695172,0.0899353575632522,1698,38.363904878469306,37.975452
0.5283120771215846,-0.6570695113835098,-0.1844464330804582,0.03927618482896738,-0.04012473701591485,-0.07404241306315072,-0.3635738143842434,1699,38.263045676153816,37.975452
0.3897320276562305,0.10120975367701754,-0.056264817724110315,0.011071081478542633,0.03038343733808319,0.12086115041580589,-1.0346002024737677,1700,38.577106753498306,37.773636
0.5240816947698841,-1.4533890108636474,-0.15715258633336537,0.03957732128507439,-0.013808744803605522,-0.016574524450476028,0.047329863424525054,1701,37.98477833615889,38.06636
0.5047046579579341,-1.4673357393240771,-0.15894496642211248,0.04071454043900476,-0.031140872429850152,-0.04460248325471129,0.04673067873145412,1702,37.904840138828135,38.06636
0.5339047487329958,-1.507637393624366,-0.14648179727591087,0.0380123038206791,-0.003510032397858591,-0.023889378955983583,0.0474918652848259,1703,37.952604638714895,38.346359
0.5133380765882922,-1.5370485163548069,-0.14681744348700937,0.03862446355780594,-0.04236358807795942,-0.038338830988992864,0.04675552219638468,1704,37.8488640065642,38.346359
0.5572456445628695,-0.5478632033047693,-0.1485575191084032,0.04472475511878722,-0.03385531857743578,-0.04301301315292902,0.06941809677993999,1705,38.91281376544855,38.924541
0.5683360545320428,-0.4764292768633126,-0.17742244337090973,0.03758509124536735,0.005172466102742531,0.09263653305943492,0.06491104037685369,1706,39.12950378821273,39.162727
0.07445921118192865,0.8124847862456411,0.09561304936726353,-0.004414808375697776,0.11541540914975405,0.0010053327277788104,0.1319918320127285,1707,40.241269135439886,40.631817
0.708604937885219,0.88349681519156,0.08494643161510883,-0.0599454442176061,-0.03244143958466642,0.026606817324814607,0.12841383418952468,1708,40.75439627553448,40.631817
0.20737192316212927,1.0530663750323404,0.014503970132165218,-0.04493307223697008,0.14951195104689427,0.052064385813541274,0.14231282894659822,1709,40.58861268502722,40.980907
-0.009928475014550657,1.2058392242095979,0.1477123505694527,0.0044270160252060315,0.1094239211224096,0.04457662293306515,0.14049766671457536,1710,40.65726264969026,40.704544
-0.39680558829343554,0.7887319916529535,0.0753046706955764,-0.019026436091424823,-0.018817807050455746,-0.01807928927663396,0.10937165149421056,1711,39.53539351626131,40.366367
0.7327038329132364,0.817580090462131,-0.14340669421972116,0.0820986856057638,-0.04498142138236794,0.045716983772409917,0.1327955827301092,1712,40.63722138301207,40.513638
0.7860869215510915,0.15483460804967097,-0.05269251435088162,0.12040392615893555,0.08640446840600383,0.16935811475914223,0.09674264652736571,1713,40.37585249423184,40.513638
0.8537509013474247,0.22074505439497405,-0.01178401322291143,0.10752442607842,0.07612219053831776,0.23409310525050506,0.09909238186720214,1714,40.594258369384455,41.762726
1.1185943823516082,0.6710701539870422,-0.09730985434661481,0.1312585593564655,0.02077218783698618,0.04615594343809521,-0.01335805891318062,1715,40.8918976368409,41.122726
0.5611507592315744,0.545660256610606,-0.1822179544913269,-0.07877067853772185,-0.02443651978556071,-9.961960417272577e-05,0.11814440340342128,1716,39.954144969957376,41.980911
0.32168675555614407,1.173471518128154,0.24594976838783714,0.03212323318079303,0.05285719813935518,0.020021253118686234,0.14152942958143036,1717,41.00235347922292,41.980911
0.4635277463615254,1.1072767148133944,0.23453920997559177,0.010707360833914405,0.03388610090818639,0.01535063297681445,0.13711521161464862,1718,41.017117300614586,41.839085
0.6336431965784919,1.3803172884493211,0.3771348101194025,0.01462388287916484,0.11334202307930825,0.028381993485543,0.13605336266285253,1720,41.698210880384565,41.439083
0.6551096893980869,1.3564835464248446,0.2696077309841757,0.0050038748599336245,0.04061743012820455,0.032875879500872035,0.14206432863632787,1721,41.51647680306289,41.95364
0.758325643329999,1.3396748689401397,0.34946984185236274,0.01028805528811004,0.09508053909270887,0.05128829517013431,0.1316713300454048,1722,41.75051289684931,41.95364
0.8818857231864543,1.542856431422468,0.4547164361316083,0.015346834876154836,0.11692724818516918,0.09011439219860637,0.15005524459147776,1723,42.26661663372241,43.060909
0.7950972729226046,1.6952005732388784,0.55026464830484,0.04706935983577218,0.11499204705616717,0.0881310973630853,0.13986218617444457,1724,42.4453315080263,42.850002
0.3048534865367981,1.281869513280673,-0.15666586345324462,-0.0690944827752168,-0.06664897885790073,0.011094153580258038,0.12806095671292225,1725,40.44818310815482,42.850002
-0.29268617147196374,1.2956177731662386,0.18474222414147623,0.059176507647368495,0.23270226884897577,0.11098917396678112,0.1272416481875838,1726,40.732497747616954,42.375458
0.6833211339656821,1.5362836316682835,0.41948308388404765,0.013452487022795027,0.11199589273272675,0.08232701674055451,0.1378847947676909,1727,41.99946236391229,42.375458
0.6484190753821361,0.8103846860413167,0.48884063139729667,0.08730452681710121,0.15591538553697068,0.07664256543799863,0.13881241036016945,1728,41.42103360410349,41.73727
0.9519084317223713,0.73475784944022,0.1598134621859484,-0.0282880541813098,0.03700449243820069,0.06941071917507861,0.13842707112672634,1729,41.07774829503777,41.215454
0.8613847942630617,0.7634806312058987,0.1443933733126427,-0.01871014930920523,0.013277675310942764,0.025627843632580225,0.12855304652000363,1730,40.93272153806643,40.959087
0.9211451567664612,0.763977132666652,0.12310781061048669,-0.04245840019006773,0.016328510262743873,0.015075918015014109,0.12849170344611033,1731,40.94038215470791,40.959087
0.9052596868642011,0.7073795002476292,0.05107738715479486,-0.09224317473470929,-0.00508024278111449,0.030016049171739913,0.12429048474141835,1732,40.735414013794504,40.691818
0.5425426708402108,0.6188141768277946,0.10238712370822547,-0.08574695591607356,-0.07663004116071921,0.01578106657694163,0.12313805893080355,1733,40.2550004229377,40.008183
0.5669420120127994,-0.7784785673574719,-0.12167708778927437,0.07971267085164455,0.00019446416024405496,0.007488703611725504,0.058082819263447036,1734,38.82697933788361,39.266365
0.548456557240387,-0.8040197729924254,-0.15456495216173305,0.07067020262731907,-0.0128960985588951,-0.004728664993231332,0.05593274537438844,1735,38.71356433966633,39.313644
0.4995783368421393,-0.4242894029183615,-0.089519917437293,0.04478332271670447,-0.10640922224607682,-0.08618740501773882,0.08384537317900516,1736,38.93651540824887,39.313644
0.46157724812423095,-0.06313037785149656,0.14289042886480557,0.00786164511936013,0.042398150547368424,0.21519979263972241,0.0891378568493074,1737,39.9106490674238,39.202721
0.5573358870181817,-0.6013916426749389,-0.048507452108616046,0.04443058133810552,-0.0043756668014272426,0.006886397092233131,0.07578517442310062,1738,39.04487760141714,39.202721
0.4493080608334941,-0.6355213176673953,-0.16515748574869824,0.024391608401927608,-0.07007015047776348,-0.12898735752665683,0.06317271189496203,1739,38.55185039284038,38.615452
0.5247049553610397,-0.807034010474476,-0.11346171745842204,0.026168584932678984,-0.052536376062587944,-0.09747476486751196,0.06584091286871968,1740,38.5609219074299,38.615452
0.47301765025482956,-0.6584312798416003,-0.1730144505939477,0.027596502536920694,-0.03411163455654384,-0.021481641545182933,0.06564683455998258,1741,38.69393630394493,38.246365
-0.08939959950336744,-0.615010641317185,-0.11716543364173336,0.00516431608899911,-0.08202660763812396,-0.10414371442714272,-0.25534363845515395,1742,37.7567890042368,37.950001
0.055673312416370656,-0.6175337450104476,-0.11039547219234057,-0.010381953222744858,-0.05955536067393958,-0.03802037401581972,-0.432672877512748,1743,37.801827852918855,37.782722
-1.0594945363559327,-0.40833100199021616,0.039177992187506706,-0.011514313956879315,0.0774566343407934,0.04686717001179704,0.05944428074894267,1744,37.75832054811652,37.782722
0.40111358659823987,-0.44193954661368745,-0.23566182300170568,-0.015332413251907283,-0.1667625573286331,-0.19822199137611912,0.0724643974274549,1745,38.430373975584175,37.917271
0.46379307497275035,-0.6207881085310089,-0.21970404104301122,0.023991427914897785,-0.09346589143491976,-0.13472176249062917,0.0706814372356515,1746,38.50450045975423,37.975452
0.3423528146502537,-0.5145663794977711,-0.06296411654697104,-0.00688933131861379,-0.007479807623309325,0.1313877914631844,-0.5672240714478798,1747,38.329331222809415,37.773636
0.399504970533345,0.18916414145214616,0.028919320363005922,-0.02603600292068549,0.0714597801309764,0.14950657093158962,-1.1682600357097053,1748,38.65897306791117,37.817276
0.49586124403614584,-0.6850378428891329,-0.1608432858157414,0.020289174199284745,-0.07577017823377605,-0.09631288341075352,-0.4026029965766543,1749,38.110297554439846,37.817276
0.3861127355356352,-1.1130825505583355,-0.1923380340200288,0.015181497061528422,-0.019612154002821104,-0.07059009402370865,0.051766712562061286,1750,38.07215243568482,38.075455
0.40794788421923345,-1.0800284296273253,-0.13963310236974297,0.02691798200742106,-0.028311599495515257,-0.02347563828622778,0.053887687243998436,1751,38.232019106822385,38.346359
0.49946655245165444,-0.5812085604576184,-0.16458433466181155,0.032924651373112894,0.036216118589550456,-0.005929533759690024,0.06900223675845146,1752,38.90060145342412,38.924541
0.3844112679419653,-0.7128192204185528,-0.039257577379891134,0.01697613699541357,-0.004530232139152928,-0.009646588358979882,0.07279172693674327,1753,38.72263983670803,38.924541
0.6764867261157982,0.7838105486063867,0.09228657122149116,-0.00967523986432759,0.007454327251156474,0.013842754080489413,-0.4126939856223239,1754,40.166226024919204,40.375454
0.18495003500980992,0.7232127836737059,0.0007164953094940889,-0.006087601382191451,-0.02115239452303474,0.002395667403215966,0.04530729116082427,1755,39.94405659978229,40.631817
0.17187429721876335,1.1444956637276311,0.15090665992477328,0.0058297698111074445,0.07845846341812462,0.061359246739885485,0.1421586476744507,1756,40.76979707164527,40.980907
-0.3640523583977256,1.0809132575913813,0.12500495613020543,0.01886233073405381,0.053691767788316046,0.06934987409489984,0.03833742702112298,1757,40.03682157809273,40.980907
-0.35389273962194573,1.225968913058612,0.16923162856332621,0.05717474766639716,0.18177506543598884,0.08761497331222222,0.12722708735285204,1758,40.509813998897926,41.322727
0.7897651182068075,1.332009291949076,-0.19886082581247788,0.09713063429712561,-0.0019835981864168564,0.039963976203525604,0.13267750255538413,1759,41.20541642234355,41.633636
1.0575036517238476,0.6097122089419243,-0.12604391428932116,0.14490687627707732,-0.02813434484808702,0.032247928291600725,0.12384610186399474,1760,40.828752831091556,40.513638
1.1608798351630205,0.7292735149884534,-0.01314521148545197,0.17694630365159122,0.03366081970181001,0.07233997117730054,0.13405723215454232,1761,41.30872678848178,41.762726
0.9112923835567982,1.2028862879029572,0.008028085992022378,-0.033037904126259426,0.10116006705451396,0.05086527895600859,-0.3592994450979803,1762,40.89660907736859,41.762726
0.9387249202601048,1.4307015678034012,0.051259637299359354,0.07042897675888747,-0.0083111569991396,0.03586362988366634,0.13582297565327936,1763,41.669204873790086,42.017277
0.6058175690043551,0.9948467223439318,-0.2565025969733363,-0.08659526334864513,-0.0160183842800068,0.028453620201691458,-0.03590314272684074,1764,40.24881284735167,41.980911
0.6440851822163675,1.202116468712891,0.42015234099799054,0.021950432916123214,0.1086076922852632,0.06558724221593373,0.13466589407249374,1765,41.61187957654757,41.839085
0.6477268908360081,1.387307335968285,0.37506051725247114,0.013147728584774272,0.08934649725263989,0.019775192290096617,0.1470815743366785,1767,41.69416005965143,41.557274
0.6470064216404742,1.3351806223105152,0.33790025108447164,0.010092451357636041,-0.03463579969856547,0.015486086969866626,0.14796048108573856,1768,41.47370483788061,41.988178
0.7921880984788141,1.4592451606349028,0.4354961677913906,0.014986308433705662,0.04523589470127787,0.005527522808585284,0.1497341685159997,1769,41.91712764449515,41.95364
0.8302555990050123,1.531493757807366,0.4900748733119414,0.018644319374651615,0.09354648283672409,0.04112229495486407,0.14743095115927474,1770,42.16728260158031,43.060909
1.1496376699900737,1.7889355736197228,0.6706526261716216,0.04270217813325301,0.050518968750642934,0.06697456182856845,-0.2830992322964845,1771,42.501036669327874,43.08091
0.8254958059056692,1.7438054270890735,0.6198678793851928,0.04881006888770566,0.04818476845012919,0.09010454990163966,0.1382176312233917,1772,42.529200453973296,43.08091
0.33319696641576885,1.4387626783767231,0.3125119596811108,0.027397224713526437,0.05754822232550759,0.04569262129066945,0.1402262333739698,1773,41.37005022930781,42.375458
0.5605560214037797,1.5535870577612887,0.40948024400652794,0.01867660762524136,0.10294699597624975,0.049878521890162064,0.14223528124875148,1774,41.85207505304255,42.375458
0.624571327296169,0.866022082342914,0.5502238015798779,0.10068223888539506,0.14933420870711148,0.08048857061615755,0.13584092022134284,1775,41.52187747277946,41.73727
0.9366005457756617,0.7611659216048594,0.17750447731945326,0.06400903575373817,0.059395555581166416,0.08086111333223399,0.1423307434971647,1776,41.236581715994824,41.73727
0.9242531404543162,0.813193450963108,0.16419297176993797,0.014823331812733449,0.08207154632959933,0.05191633598014526,0.14124106790727925,1777,41.206406168347655,41.655453
0.6981110475007666,0.7531152400411175,0.17647951204465898,0.012075016444355026,0.06279344128058352,0.047828279952378185,0.1290717476641019,1778,40.8941886080585,40.959087
0.6015617934937416,0.7342949675149709,0.14484963695145922,-0.037478146790226916,0.07327912353210518,0.051298798285472645,0.12831557597468324,1779,40.71083607209273,40.691818
0.9597904301179624,0.723957863462348,-0.11337952544949992,0.13727307079608764,-0.02610257713861207,0.03403009460158903,0.12454216790197484,1780,40.85482584742234,40.691818
0.5121188061155579,-0.9603400453979609,-0.0271172148212376,0.030494067957341258,0.043457005039296774,0.08007645271085738,0.059888802902011866,1781,38.75329219763636,39.63364
0.5660464790382579,-0.7984809074552284,-0.14323475500766208,0.06549269110708122,-0.02281678154975394,0.00019983606923462013,0.057295704244952415,1782,38.73921658957737,39.313644
0.573874218784058,-0.38494702632470534,-0.10070582854756603,0.03318111737313548,0.02190820189685599,-0.008582589702072171,0.08474532570263595,1783,39.23418774231283,39.313644
0.6036582167963691,-0.23879617997543448,-0.08353674414516708,0.04743373748869567,0.032449563670906685,0.1050195049330824,0.08751811417509024,1784,39.56846053607403,39.38818
0.5672592815850099,-0.48548263655386104,-0.16894823074234633,0.07692325334010397,6.391498875313304e-05,0.009374396306308295,0.07003131474605434,1785,39.08393561680055,39.38818
0.40342370988341736,-0.634190631436811,-0.07168354954668196,0.03590817802542339,0.016790043384069406,0.016151326005625636,0.07705004496108045,1786,38.858163444406586,38.753635
0.49327939640864404,-0.6888198362259703,-0.18285113914492818,-0.044503939561569034,0.011205642723153922,0.05017067361770279,0.05814417924270399,1787,38.71133930019027,38.615452
0.0792196278709043,-0.8754308124479366,-0.03242131012525743,0.015657947054526274,0.002328636396065764,0.06078574121691683,0.08484376490929396,1788,38.349697918005,38.246365
0.5521330684785914,-0.20306957888493984,-0.09912903667329641,0.005060490810049119,-0.07627198017655874,-0.0935749208226837,0.08912937507424343,1789,39.18899174093592,38.246365
0.7751544269318424,-0.05721645213958985,-0.05759477751221043,-0.04034274283373506,-0.027426692800028338,-0.05639319252224059,0.09587457935248558,1790,39.646769471607016,38.124546
-0.4005247024016444,-0.4663617698858175,0.05192765512152205,-0.03735567168284,-0.034332360087321136,0.08477587213350563,0.08903244076743921,1791,38.30187578709535,37.782722
0.42949632829579154,-0.4484529881650705,-0.2192239820733757,-0.03152986054961923,-0.21911204791182906,-0.17969538066257487,0.07463051277748078,1792,38.4208269048413,37.917271
0.4995850667425434,-0.6097646486604743,-0.16295081697024175,-0.03860008757677019,-0.034639301466171515,0.003328013402964047,0.07333496845391865,1793,38.74500751705624,37.917271
0.42884404033967405,-0.7955731267847495,-0.13393606262103272,-0.061926984047625484,-0.042847915381279474,-0.1970577778458668,0.07186078257249207,1794,38.2840772793621,37.891819
0.4739441622589602,-0.7092064378341385,-0.11549042335600998,-0.06400603052181719,-0.011051078787905537,0.0791954465470113,-0.32269822135786963,1795,38.34540174007869,37.855453
0.3358030956167434,-0.13572182559966847,-0.0860850378453036,-0.02901451784597449,0.01475193735827269,-0.07208298012927537,-1.0292907319854752,1796,38.01307426269982,37.817276
0.4003014735379988,-1.1558673430189683,-0.04775657558505711,-0.010024814457567777,0.03752486075924439,-0.026404914791080984,0.056802303144874784,1797,38.26928931271992,38.075455
0.37842510026048126,-1.2020037080483823,-0.06270675015951752,-0.03734915185367311,0.005041738344475285,0.013340624233034074,0.05521062349909544,1798,38.16467279940601,38.075455
0.49937080834921227,-0.6859030796332183,-0.15096450556405638,0.009120672959797236,-0.05907246196353348,-0.07635199731458654,0.06220586289228032,1799,38.6131196228564,38.722721
0.5293837520816309,-0.6592528927461703,-0.17205208706788216,0.052452113237560785,-0.00261822908713517,-0.08267847056984971,0.06296043125667636,1800,38.74290894023532,38.924541
1.0009904332210586,0.7147177263035108,0.08777951288416216,-0.06130243892488362,0.01873719105495233,0.013987520696408233,-0.2894175976411647,1801,40.50020667072455,40.375454
0.6758203491679269,0.6691422041003853,0.11804511171869463,-0.04585500451355265,0.03767414476553362,0.04518085225249999,0.08898179896737735,1802,40.60370377958938,40.375454
0.4768674919962337,1.0849615383863316,0.046284141213627075,0.007884434782208675,0.11624780406203881,0.06468574402305621,0.13948810294452557,1803,40.95113358053856,41.53545
-0.6104252940496747,0.6403030140645792,0.02927299197048884,-0.008323582691533207,0.17028393715906384,0.009711251984876082,-0.769478726480151,1804,38.47605791508817,41.53545
0.32782822191238975,1.3374956034155367,-0.08359832575378136,0.05008518824775197,0.08599763560689504,0.0163586429074797,0.13781151491393742,1805,40.88669280438072,41.322727
0.9301081515161682,1.2834384643323513,-0.05288336572887115,0.023747074235436455,-0.01728285759091812,0.060996910527793144,0.1310778721527857,1806,41.37391657257523,41.633636
1.1500936669238875,0.7236666983553773,-0.047192277738616686,0.20635930405652983,0.03904905366395657,0.04043096228383488,0.13288788773744922,1807,41.26000961841292,41.633636
0.9683249739571649,0.8192495975214751,0.21275178328147745,0.0750354937102053,0.06672973333967357,0.07778256081414149,0.1443918105031146,1808,41.37898027625775,42.086361
0.4469115953753853,1.366424914250253,0.00889316728023609,-0.05370365518792715,0.12039247826537243,0.015309966124217192,0.1356998315633821,1809,41.05464262080143,41.762726
0.29817860780995076,1.288840628275553,-0.008451872202706646,-0.051111678564942746,0.007227552702613643,-0.033505769361844476,0.1340799855180911,1810,40.649971777307236,42.017277
0.4196245076923911,1.1405878921765522,0.05062115073744334,-0.018541462144810495,0.09791520223165816,-0.007246487648596383,0.1341689999759859,1811,40.831844126151154,42.017277
0.34979559596575527,1.2453473300282094,0.3126885736117405,0.014520531379770342,-0.012535161399246224,-0.015093711440693975,0.1252794878289088,1812,41.03471696910498,41.489994
0.630702862421928,1.404057154080228,0.41846114122181527,0.01632130427091211,0.12191331537399737,0.021456494598700315,0.1490180130168085,1815,41.776644608114864,41.988178
0.6628495980657647,1.4308703956814566,0.43626924497952885,0.017560981210649584,0.13749951331654148,0.015512659428881201,0.14825268291953808,1816,41.86352939873285,41.988178
0.4672900075408202,1.4188972368487176,0.4167001400618967,0.018032812850125403,0.0503073542238524,0.05275635466929414,0.1347187944021594,1817,41.57341702372736,42.962723
1.2257139272112798,1.7485945478543072,0.5914213176721015,0.023384556076515493,0.09674543103846588,0.07061661061307407,-0.23403596941583552,1818,42.53715474418039,43.08091
0.9121026443933868,1.5956648599164622,0.4554187953303628,0.02026282155744721,0.13482804223581224,0.06788551645928077,0.13812796197005542,1819,42.33900496499329,43.08091
0.9752497562083746,1.4757679800876056,0.1209765712002798,0.12812934094126913,-0.01070296102608073,0.03849674085260878,0.14237198931671186,1820,41.885003740711284,42.69363
0.5603240724627886,1.5046869031100683,0.10946467134112549,0.13928627022357642,0.15450706080213783,0.054588385645990035,0.15070862696851195,1821,41.68828031368472,42.69363
0.6491564912889864,0.8411597387558916,0.33729057633819964,0.07071278511738688,0.14108846656196938,0.05667266551624888,0.13685708635885838,1822,41.24765213306805,41.73909
0.709208017273554,0.7651643074236157,0.3640220292338905,0.03042882457978157,-0.008531922292680958,-0.0005251394812303452,0.126741090332302,1823,41.00122153019974,41.73727
1.051790918275201,0.5828472844375088,-0.2393077747360654,-0.001481254553010726,0.024901990883591348,0.04236543525959611,0.11870753877099452,1824,40.594538461468304,41.655453
1.0689377964677074,0.6593043554097162,0.026349749099423624,-0.048925895990251246,-0.008322509770462207,0.05898033439342838,0.12876535783027132,1825,40.899803510570344,41.655453
0.4042076865454202,0.09543388791759053,0.022525918691998156,-0.002586050944628164,0.16544857907347063,0.3045849995916667,0.0947366010328152,1826,40.09906594503884,41.209995
0.557766844561511,0.06032629960840502,-0.08833248424914959,0.03724092079710878,0.10952067929812838,0.33135426571059406,0.09107000061314652,1827,40.113660849470236,40.691818
0.5801421905288362,-0.4075688433563221,-0.148510121616462,0.055845983595492546,0.028051735922512058,0.12478146822318956,0.07061833936265827,1828,39.31807507579041,39.63364
0.5530034487878496,-0.5356730912277087,-0.14946993556461802,0.058062845498057174,-0.014417461468107804,-0.04112728958636519,0.0686733056985177,1829,38.95376614526811,39.140903
0.6363257438516429,-0.9888784437138124,-0.11007402406934148,0.04859272111074038,0.013475447708969154,0.024666008864813235,0.05436127475685344,1830,38.693183051640396,39.140903
0.5342266947416054,-1.055160889044391,-0.17001365747392688,0.05914737473778873,-0.006229026631486623,-0.014923568328822317,0.05247186412831823,1831,38.414233115259584,38.482731
0.3212844526723198,-0.7722523612526316,-0.12821061249826354,0.050061112136064734,0.07693549169693487,0.044084225112476255,0.06649266257317667,1832,38.673109293570576,39.38818
0.33090185931927235,-0.896099534395179,-0.17656667197751133,0.047380184558939394,-0.055285124113303837,0.016848707117684016,0.055330413485977614,1833,38.33722415712636,38.753635
0.3196086308763232,-0.4234098990926231,-0.18312952644616118,0.03211663950537729,0.03957855615173597,0.03828998187098859,0.0833148099283452,1834,38.921083515924465,38.753635
-0.1850215970154581,-0.49154284602284004,0.1313296192165436,0.0495666136809275,-0.007956501155215916,0.05483357498051572,0.1146462252025553,1835,38.680569412017554,38.426365
-0.7861761863199381,0.27964280906604405,-0.10291833863159242,-0.03469589009337974,-0.07701556613206723,-0.01195337718026695,0.07652026566108928,1836,38.358118039500376,38.246365
-0.837044568754741,0.23153878165242403,-0.11509027643213829,-0.07605417505810852,-0.03258172499663894,-0.0007085787148350039,0.0772989505150739,1837,38.26207273134152,38.124546
-0.7122422559096869,0.254694329910347,0.06354512864499288,-0.032346171190972495,0.0025819008641703835,0.020058498364005427,0.08844260681309106,1838,38.69944836062644,38.124546
0.1262520681974221,0.2969027411273729,-0.11723949837890851,-0.01561518961235804,-0.12264027421629622,-0.01408391822699462,0.10593684945688718,1839,39.27422710147764,38.482723
0.8131120601063675,0.6049701495474982,-0.6360188474071259,0.10096410468956943,-0.019113002433931443,-0.017668063483150066,0.10571523068806886,1840,39.96667595483779,38.482723
0.6496837364905523,0.6914828866531469,-0.1632766563158487,-0.035311218410249784,-0.02279592577054507,0.05986245905093264,0.12444608113217856,1841,40.318805685960676,37.891819
0.047701478245604535,0.3445563961381374,-0.10834510624163286,-0.03683832509940106,0.017086330408413446,-0.015942411352828638,0.11344722517010593,1842,39.3763799103989,37.855453
0.25578963813165523,0.035184924049178244,-0.0875238029765035,-0.016140667681400305,0.01790984989537494,0.0870691803223276,-1.730928308392567,1843,37.57607513647859,37.855453
0.4283616550716725,-0.7936644628045116,-0.24044183966840457,-0.07327263905568737,-0.03512271851203722,-0.04547638578200868,0.05588183876980374,1844,38.31097977114933,38.184547
0.4799696592697674,-0.8099233759512572,-0.13019900145709715,-0.02547956322893257,-0.06861640160611039,-0.12560547992289048,0.06031253513955019,1845,38.395172695373525,38.075455
0.5176267687342917,-0.8992258721411965,0.020541575202837458,0.04015259266502447,0.0009032933384453991,-0.03130108848265655,0.0661937376102257,1846,38.72960533005746,38.722721
0.4945451221371444,-0.9459043603316211,-0.06361350214335242,0.020544623447976924,-0.036277813236749994,-0.027679993445615902,0.05894046468782465,1847,38.51526886424609,38.722721
0.7783396310527405,0.1412895956204081,-0.05867168058406541,0.009993855169687371,0.05579540094261548,0.13086480647297402,0.09374576128621016,1848,40.166071693091084,40.284542
0.7435748676266064,0.029265481531724546,0.06932478069637436,-0.018848190637846752,0.03605564670779992,0.1182088754376349,0.09392375247703369,1849,40.086219536969836,40.284542
0.9978425505722751,1.307035432387207,-0.0955849485537468,0.073262967063789,0.006080395624026431,0.04567672518533177,0.12973700361797227,1850,41.47876444902732,41.53545
1.0739989190752137,1.306686073514674,-0.09610304576684091,0.11757518250368618,0.011624904258448905,0.04264378957015144,0.13268853286891436,1851,41.60382867915475,41.53545
1.0702742001824626,1.3236355392540142,-0.09911026599934272,0.11358897913870693,0.019452803878811476,0.036611347485517746,0.13038459809238295,1852,41.609551525163035,41.973637
1.0081208865174314,1.3738651553998917,-0.10856888676131382,0.04728268076616467,0.01793429960379771,0.06650052345758858,0.13276832821465004,1853,41.55261731032873,41.89727
1.0989124710596994,0.880040413688858,-0.03782667296194246,0.27458507830336437,0.026441422713305743,0.053441068431473636,0.13016150083638295,1854,41.44046960520168,41.633636
0.800639736167892,0.9268592035094033,-0.0582779687209218,0.16933698425232765,0.019683692152679597,0.05537723716380545,0.14232459625805288,1855,41.070657803913754,42.086361
0.6926675146390397,1.4144012431371937,0.44045188008293373,0.016812218244480814,0.08712975542323442,0.014046625694949959,0.1486375847950734,1856,41.82886114514739,42.086361
0.7189409232119927,1.3296032211800515,0.34038798513989393,0.008726392142092195,-0.07694493049465972,0.004423348933847195,0.14808421949585093,1857,41.48793548273956,41.768185
0.5097927889717125,0.9960219765750332,0.30307558248699823,0.004071381368069106,-0.023864068175927157,0.012915453749375364,0.13564039205358375,1858,40.95236783015937,42.017277
-0.35107941485981925,1.1099419816447726,0.14830088742407746,0.034098775827925004,0.15089446934090456,0.04559382398037304,0.13886525647295184,1859,40.291330102961716,41.489994
0.6643737911845542,1.4570851148090864,0.446199799996532,0.018694543031300623,0.16702486482232948,0.017236624717734506,0.1489628576419511,1861,41.93429191933396,41.988178
0.6422579453389029,1.4684041271462749,0.4609520293807879,0.01819190606496211,0.17786942015409385,0.02426150673618084,0.14985433933060352,1862,41.956505597282295,42.962723
0.9356055241925586,1.7058770116981994,0.5193480426207814,0.023223336998600158,0.16028796418190377,0.06299990766782923,0.14340198139601157,1863,42.56545809188636,43.20636
0.8512742700935547,1.6576255181086177,0.5175857858127845,0.023733669912579212,0.04560106906998007,0.09041629401629583,0.15205960964172777,1864,42.353010539786055,43.20636
0.7477586236758228,1.5007844793253575,0.1663801445092415,0.023266629260897315,0.13555151202014754,0.06996168437571362,0.14093847819004926,1865,41.79935587448772,42.815456
0.9400702319688607,1.44637922726411,0.1907302809600581,0.005599768896070838,0.06031610806399379,0.039498051468974255,0.13667332520237857,1866,41.83398131695493,42.69363
0.8309565679361541,0.7265910225125564,0.16162197207649792,0.041977817106096875,0.03062913912891019,0.02620035701496019,0.1313068723496764,1867,40.963998071255354,41.73909
0.5543649846203708,0.7388740611095348,0.15087459951547239,0.03340561612520229,0.02813189961927709,0.06484210894279675,0.1366567607314497,1868,40.721864353794615,41.73909
0.4015368161545817,0.581786173229725,-0.15031984222374806,0.06942192658768032,0.2675783901898141,0.06711128348868052,0.13544826410737792,1869,40.38727733466465,41.453636
1.1572797181666798,0.6813901102051594,-0.07392125928478509,0.08975016617335047,0.008610499745250027,0.06678405515966716,0.12506828607987067,1870,41.06967589937572,41.655453
0.7229904157408956,0.06608315177672501,-0.07933525486036179,0.0078055441492389166,0.10780485824726281,0.2990141669492294,0.08735822918761169,1871,40.226435434321104,41.209995
0.5843980553213363,-0.039909591349225254,-0.1845834580246431,-0.010393227141054263,0.049149046781073714,0.1460675306791991,0.07935152988282264,1872,39.63879420927999,41.209995
0.6393214974299752,-0.5034607681289895,0.01946347048241976,0.06972155116264198,0.08131773189336586,0.06842626580656616,0.0806099310255104,1873,39.47011400280197,39.788177
0.4937984132649764,-0.6818936721034248,-0.1658732367285099,0.014696757972811886,-0.06559330675106895,-0.12338908691980763,0.06374610355049432,1874,38.55020629541598,38.475452
0.4911911357307489,-1.1620898333524337,-0.19848020272781908,-0.020064546854139,-0.04374095614667184,-0.015698807737273914,0.05132589581767347,1875,38.11715700786056,39.140903
0.4212665265652559,-1.1771144207957973,-0.1238109144302167,0.012232016741846213,-0.030676685060844568,0.059772148347377915,0.051870862555752316,1876,38.2282538570539,38.482731
-0.160284374405608,-0.8564094042608358,-0.06049361201370027,0.03397059029282374,-0.020937519209927646,0.007576400541040242,0.06522072632374974,1877,38.02335713039803,38.482731
-0.3332147594817328,-0.9671489144949001,-0.09797897969017082,0.006392103434525207,-0.014540959686664993,0.017362976988446834,0.05216079663046495,1878,37.67774658683047,38.549995
0.5022603580065343,-0.5403532401193266,-0.19220447333910098,0.025458946752194976,-0.1222950090671857,-0.11576237504791916,0.07379703486984972,1879,38.645615565185544,38.753635
0.320320653664112,-0.7938097114693163,-0.09088825336410807,0.06264799198159693,-0.01141542757976575,-0.11439851102059784,0.07514829855191962,1880,38.462319363894345,38.426365
-1.2300387443916425,0.2828189309402216,0.006271055157689973,0.031288078949178816,0.12899990427356767,0.035052991437519984,0.07572860174666461,1881,38.344835141243685,38.426365
-0.8937078454681275,0.19272539242800218,0.13444136674200283,-0.049920251661687065,0.12220849799013661,-0.013761488428657721,0.07827928754915692,1882,38.584979282281324,38.56818
0.5959100958401554,0.376910192452245,-0.35296377539831286,-0.015295650973051429,-0.04120745205840444,0.014828133249551756,0.10776168031504407,1883,39.70065754655772,38.56818
0.7374406849274407,0.30658723467294163,-0.676673742033766,-0.02003768017937497,-0.011407751220100763,-0.019159192805744546,0.09874647280639776,1884,39.430210349298314,38.482723
0.48272818045164956,0.4147044033584664,-0.8889136294270807,-0.02026797958769063,-0.028255336766314976,-0.012673247087188939,0.09596516441522868,1885,39.0580018784876,38.482723
-0.42566620121387366,0.6456270508001335,0.10611965822535809,-0.05358458213936722,0.1625557258587013,0.021764746715226293,0.09854457612774942,1886,39.57007529750447,38.859097
-0.7279848560492497,0.20799374682166538,-0.20642881954986067,-0.0396769401869721,-0.02691005939287975,0.0300490575111038,0.07794476265431928,1887,38.32970121493866,38.369999
0.025785731644316946,0.4067316284299589,-0.061801113018098,-0.003569551747302044,0.16479206183237236,0.02480844899014054,-0.6492645999170208,1888,38.92219692934487,37.855453
0.47982558936415,-0.7985114887009194,-0.12388103606959872,-0.04229884837073517,-0.05222838603029726,-0.0443191602231838,0.061419314376787625,1889,38.49472030747668,38.184547
0.4096729353943987,-0.8200556045208826,-0.1581241176557361,-0.06401331606309432,-0.02084187383533692,-0.048095151520305024,0.05939428414686629,1890,38.3726514790764,38.184547
0.5300029862972777,-0.8552062466251694,0.02108382103063361,-0.004066597788616415,0.0006023666149073233,-0.003685681757256992,0.06564249245503596,1891,38.769087463357344,39.04636
0.46765858076042344,-0.9716311278786149,0.08141463795768958,0.008859531752649799,0.009875424437653787,0.07299707641186576,0.05956280436289481,1892,38.74345125093506,38.722721
0.7509668522408671,0.04968436837133453,-0.1120006004210541,0.0579475159332506,0.01702508322842428,-0.05443872780571994,0.09318199593759403,1893,39.81708081061519,40.284542
0.7136654990807215,-0.05133221660380293,-0.10079104089717503,0.03824755264979718,-0.08383058762641614,-0.10239602420164516,0.09213601289770042,1894,39.520413518429685,40.284542
0.9632387202098452,1.333968441051046,-0.31201517265753403,0.07835048373681065,-0.014908619699919017,-0.012743253411067827,0.12125781464332734,1895,41.17186273700302,41.704544
0.6007832616229708,1.4888295893928982,0.22279878569756392,-0.013718768769444343,0.12909682478430337,0.08019067965575438,0.13944274092121933,1896,41.66213743643578,41.704544
0.6193317671081175,1.418128252740476,-0.08374616583475403,-0.034004030869088916,0.0190504713161848,0.04092965222009325,0.13452830059810528,1897,41.128932570409624,41.973637
0.9676867363787324,1.4345197692621663,-0.04342609704126979,0.03277534092602896,-0.009372127203970577,0.06163585249546406,0.1335594013874399,1898,41.592093199335075,41.89727
1.0775953785603918,0.8497084370627475,-0.19958853260482978,0.23114293128420213,-0.004279658235407972,-0.0003146108829696359,0.12040541189903553,1899,41.0893836802137,41.89727
1.1679352564994483,0.8836892088785884,-0.03875585961138795,0.23140997953447828,0.028000065740794985,0.07120781516433837,0.13128100643390375,1900,41.489481795770686,42.133633
0.8007834808515062,1.3076626860345266,0.05114351328926954,0.05341158518063219,0.0895648533757112,0.03277170639350237,0.01242464432709585,1901,41.36247679258276,42.086361
0.7622003094714455,1.4370004954824422,0.4032332019409864,0.01231931172122699,0.05014329754615058,0.03331478199379298,0.14477925323892432,1902,41.85770497452542,41.768185
0.6231654469349698,0.9735789878660565,0.00745264706513751,-0.055570268284596366,0.11387167746898193,0.07754413239786004,0.13093343261061233,1903,40.88569037918951,41.768185
0.3619789692343801,0.8819545201070156,-0.2202532961477918,-0.018856369585253177,0.09630819532494306,0.029682704505650425,0.12396490235852863,1904,40.26949394892798,40.035454
0.7746627634506491,1.542525304609606,0.4938428153212599,0.016711014158484146,0.10580780201576681,0.10606608857147926,0.15181290561311175,1906,42.206143016870854,43.20636
0.8830827323433861,1.6857473285610773,0.4656767179045987,0.03856029962379302,0.12574128806318197,0.08033163904923887,0.1361508893969883,1907,42.43000521807275,42.815456
0.6064758603061239,1.683659736246869,0.4449158968728376,0.02977507720652752,0.1257517643694543,0.07341751071256855,0.13706061850886309,1908,42.11577078735377,42.815456
0.6568592464965995,0.16051023179373208,0.1773284751730198,-0.01812416782381355,0.04881925888849764,0.0941562113160735,0.10030383537534748,1909,40.234567414349954,41.644543
0.6702941369380719,0.2410953304470037,0.2464285814635741,0.05429285774326029,0.060239817794842374,0.11634699167831195,0.10568332870630597,1910,40.5090953679019,41.73909
0.30715519874464947,0.21816728509254635,0.08159942201476617,0.012227780575030493,0.15570000237924567,0.11747346121265947,0.11366563980267583,1911,40.02070311295207,41.453636
0.8153659629494853,0.23399496962860614,-0.2175403270302135,0.05998846870700468,0.07006813731477449,0.10877389912519758,0.09510750504368845,1912,40.18047293886905,41.453636
0.8160493893706098,0.4419456256519227,-0.5010446106323255,0.03274868438005827,-0.02174258073577923,0.02173886796767747,0.1037776053550768,1913,39.90818730448776,40.933636
0.935683171213448,0.5119291231357588,-0.42851980780487786,0.034153865507752394,0.004880775575396445,0.04215106909664301,0.10947269804713107,1914,40.22446521790177,40.933636
0.8138523446200214,0.4625453763084158,-0.5113910967347295,0.027010439239855445,-0.02841573317377823,-0.04014498143349043,0.06563739971865004,1915,39.80380807167546,39.788177
-0.40855462881235666,0.3547332260050237,-0.15282309725924054,-0.0361803134273429,-0.09243429451166854,-0.004840446216542816,0.016737359818771363,1916,38.69135212872714,38.475452
-0.725020631469593,0.2830888318476183,-0.15095770696759053,-0.03967622328043717,-0.06924065327119336,0.0003803819733245888,0.07361393203227283,1917,38.38690225399491,38.475452
-0.7569207761358477,0.25358801692294447,-0.16257466782421204,-0.040732193758731924,-0.07999446052144991,-0.016651558315650388,0.07172298817751144,1918,38.28315167167508,38.213631
0.112343135079569,-0.2906733087930343,-0.16467557022432525,-0.01490783862977233,-0.07220023986403831,-0.07478380978011025,0.10261094203957548,1919,38.61242763295834,38.482731
-0.29069314024768705,-0.3213357388224775,-0.13767223599810058,0.011682768422633686,-0.003994197164444247,-0.05618701513123993,0.09225477933559227,1920,38.30876954352479,38.549995
0.09689436005282324,-0.3703441450368157,-0.10166869470528726,0.00230354816372174,0.03393229602156616,0.04967408098047715,0.10893874457116408,1921,38.834444513178184,38.549995
0.46888649027848617,-0.555625632979012,-0.106225083798246,0.009545343843785959,-0.145243830943204,-0.13172722880258375,0.07987210981827726,1922,38.63419649054803,38.702724
0.6491148386043244,0.38875241432722835,-0.6253960376756386,-0.03353875320359197,-0.030203214493475603,-0.01202226067375466,0.10389769219984869,1923,39.45531900221545,38.702724
-0.6786059940978872,0.4574196635174146,-0.10085247455403223,-0.07489607965486834,-0.12165379782111277,-0.057224401497760986,0.08840659382634297,1924,38.527307832848585,38.56818
0.8139357148657559,0.7661580396030783,-0.2434063260275349,0.10826030908176187,0.02113718959221312,0.05076880568022904,0.12198728922647152,1925,40.65355534515247,38.56818
0.17722965083565703,0.5438284939945118,-0.3810279330654312,0.0031775512334677493,-0.06362342367186506,-0.06125736819836471,0.11419058818824507,1926,39.34723188244676,39.175449
-0.4300964808975189,0.9544450166437237,-0.21020177752480385,-0.03756201161330301,-0.003836090853976919,-0.020895542612819968,0.11318823419767675,1927,39.37975567046948,39.175449
-0.8699210583157473,0.815889301987912,0.121587793877758,0.012562101364656854,-0.04968440120123953,0.02394757128233167,0.10198151955427362,1928,39.17107715168046,38.859097
-0.9723843311024358,0.321296198314605,0.06762616997752338,0.052117627879625844,0.042836601584681146,-0.004624354296566747,-0.6177869601397117,1929,37.90379527534825,38.369999
0.16648468893102703,0.5900921835968689,-0.10389016832316599,-0.05369158687305075,0.1048398090173962,0.04881328469172915,-0.8491340437591208,1930,38.918228490412204,38.369999
0.5422006372005181,-0.3874884011264151,-0.1444960790980068,-0.04115270218024298,-0.011746298768234091,0.03913132620803336,0.07828158303575014,1931,39.0894443884019,38.848179
0.5681969702484498,-0.3957095721662504,-0.1364309182295242,-0.028433832855257492,-0.029912576444363,0.03234660804864835,0.07605995831911401,1932,39.10083096005128,38.184547
0.8355882627072684,0.3876336495527658,-0.2893962462933798,-0.12498628156217627,-0.03916958395298565,-0.024291227923653777,0.11190535526314503,1933,39.8719982509215,39.04636
0.907291575244411,0.44422115113836874,-0.22541637149188445,-0.037916915317896066,-0.03480535200862737,0.01046525291295436,0.11513771249897964,1934,40.19369137610682,39.04636
0.7261842992034183,0.09253809392075847,-0.09432114985362242,-0.007754125873480814,0.07598287943237933,0.20580609390912552,0.08903485038520796,1935,40.102185264254295,40.424545
0.6280011851948365,-0.04054595429503268,-0.17393945707691022,-0.04156448003823418,-0.026507617817212968,0.12625484617354357,0.08471746783564839,1936,39.57113031310712,40.424545
0.7567978292564008,0.5002696364500187,-0.6351300840784244,0.05907707811111648,0.0010998156440722698,0.021927455690003535,0.10365866283060657,1937,39.82241471703428,41.704544
0.2865411156981115,0.9226991856470005,0.3341138334060546,0.039260519643058614,0.12224453419047034,0.02211594337430294,0.13832805384700028,1938,40.88001750893651,41.704544
0.4917604310600005,0.9544954605413154,0.06651560624952825,0.06956669627009378,0.14218298612564667,0.05995629759619015,0.14571184884889515,1939,40.94490364982217,41.968182
0.351903495767687,0.8194201525928169,-0.04038207212913613,0.042248429385861666,0.026543284636252412,0.063406112638706,0.13731219762039443,1940,40.415165923643066,41.839088
0.8794671007948276,1.3407688420649424,0.12020488055384819,0.09165507056848685,-0.002106163515736314,0.021250150145439718,0.13442739971834974,1941,41.60038160346068,41.89727
0.9804526456696079,1.4103572734553507,0.03968918689377676,0.05042937086557296,0.016375871113081596,0.07017428923106685,0.095899817528271,1942,41.67809277788722,42.133633
0.8294089836556258,1.518395246841356,0.3614634062040728,0.014633877460728587,0.048800803344940025,0.047962975209492845,0.06904307560174326,1943,41.90442269144843,42.133633
0.6957523124068768,1.4327960629934204,0.4291759826843177,0.014960493879037699,0.03116706643199957,0.0019276176596756858,0.14836770275872915,1944,41.76886156194456,41.439091
0.6673321397319324,1.4229842960178212,0.3947522579185378,0.016185210217409953,-0.046437407846410844,0.0014192828168885089,0.1486679481507423,1945,41.6196180501374,41.439091
-0.5212370939270662,1.1469273429456333,0.14034773602926048,0.024485591934836595,0.09894238767066456,0.013874463553552187,0.05900739263275417,1946,39.97706214397016,40.035454
0.7377518370572186,1.2223942253411113,0.025634434115253776,-0.03769212358156024,0.020399166518911216,0.05915082443139021,0.12901276902218609,1948,41.17136545603502,42.815456
0.7801195398078631,0.1472239299643815,0.05943638195851655,0.02005072702502779,0.027693199868479,0.09305746873831729,0.09950117787099544,1949,40.2417967483641,41.644543
0.7249709933926126,0.08452725291730583,0.028538251430132573,-0.04141359452244918,0.029594342924518978,0.1010477236235642,0.0961640735725368,1950,40.03814336646876,41.644543
0.7168320090928079,0.08203918826847115,-0.12884253839547305,-0.012822279515285591,-0.013079893998328564,0.0801775780577662,0.09516080523698071,1951,39.83417919187743,41.060909
-0.33001570599381375,0.20265432889117263,0.15127863088964286,0.0358583937421018,0.35995195879769243,0.08818189342916498,0.09612358165153073,1952,39.61874740453802,41.060909
-0.41581781677082713,0.5989003472547599,0.16122684323755918,-0.01742073306811103,0.22000435962838064,0.01876600655427377,0.09147578506299278,1953,39.67184911502952,40.933636
0.657536535868576,0.6686281684863444,-0.16726102973076343,-0.010207754796942154,0.09733712330156717,0.05226890338941589,0.13222220717996122,1954,40.44523847682872,40.933636
0.22254634600504522,0.4224049150486169,-0.3444219393505152,-0.054793770672471584,-0.08605617658070414,-0.008349343018324235,0.1120016147956434,1955,39.27804596935777,39.271816
0.21307510091360746,0.30934989638039806,-0.24471775979639535,-0.030077653851883237,-0.0876730845553791,-0.048894407054311056,0.10820287936376198,1956,39.23397929453029,38.437271
-0.6841647657844472,0.2916598068434104,-0.17383694772166278,-0.042458125958438606,-0.07000638533457591,0.003143478209233509,0.027961855213172522,1957,38.36701323859723,38.475452
-0.7366028605676452,0.2520238368642048,-0.1638682655465879,-0.04417060349464644,-0.09364113223869273,-0.015776429921086604,0.07180651200697871,1958,38.28448538023302,38.213631
-0.13877136826377132,-0.20457970070045461,-0.14927312831003461,-0.008113487596044036,0.011761832621183391,0.00707937322732599,0.11382507984561493,1959,38.646642923954325,38.213631
-0.842739069306162,-0.12219080628647755,-0.020628456685031743,0.004228947079321475,0.02225506678715929,0.06132225830955363,0.0605909239432389,1960,38.17755318697217,38.668182
-0.8109725347726823,-0.27230782993061503,0.08561449779802292,-0.003161295695938886,0.19242168641719676,0.028058929131414622,0.06195383348113821,1961,38.296321609559044,38.549995
0.47377393686004166,-0.48009321020357465,-0.13185832139200146,0.013910689570713468,-0.05137760282847203,-0.16253481905129138,0.07990976311871821,1962,38.75644475920465,38.702724
0.05299582396943032,0.5328308345401758,-0.4299742224775519,-0.030243427024384657,-0.11227119409846958,-0.041275098748727285,0.11362923037725002,1963,39.10040626966826,38.702724
-0.6796518433467736,0.6551350728194646,0.10362432332880786,-0.042325243895144166,-0.10001289238960787,0.011924878046634635,0.09613477199634037,1964,39.0595433896902,38.815453
0.9718598659358363,0.7019597993687331,-0.10687550773890389,-0.01771040490797304,0.012180693649142638,0.07802025549919964,0.12283917472629576,1965,40.77698819966279,38.815453
0.08421835251815293,0.6034684703995467,-0.3104919047412766,0.011797105128732105,-0.06643651981357039,-0.006726065797944884,0.11852664636800929,1966,39.44907040719215,39.175449
-0.8716290558085158,0.8799210995637078,0.1291058409729546,0.013755554563403898,0.02933418919611438,0.03032364901954163,0.10498234984134086,1967,39.330507950479074,39.175449
-0.6596661401339927,0.9969811942905619,0.1343231191864153,0.01767100159207856,0.11568248092667144,0.05614702564154031,0.11121156036752217,1968,39.78706456500128,39.746365
0.1736425269461804,0.6231555753814316,0.227307126260515,-0.0005461955254105746,0.06418172744652344,0.0059909432293294386,-0.7609942980213363,1969,39.34745172884775,38.824547
0.6335985360144297,0.5565240626445134,-0.3366505561559163,-0.06792254185478906,-0.047392175852782804,-0.07305329339759929,-0.12597380151790424,1970,39.55384455301045,38.369999
0.5904145387745082,-0.3938847458158147,-0.13569190002552478,-0.03720022285265618,0.009651074483035591,0.0502769552924166,0.0795706389804864,1971,39.177850661966936,38.848179
0.30101421939470163,-0.4032915164190092,0.025497802471847526,-0.006127410612253582,-0.059614857966476524,0.020821317438205422,0.08405859058430663,1972,38.97707246802181,38.848179
0.7772535583019176,0.39409661027176224,-0.2202381574038169,-0.09664728820009162,0.06461706145973924,0.029295020384955607,0.11468604017705464,1973,40.07777716812207,39.91909
0.513160388011789,0.3948441910227555,0.09399040997875656,0.0033811677224014594,-0.09393555065770064,-0.0165222130711056,0.12093930516548757,1974,40.030572021302966,39.91909
0.5683467634586645,-0.05014229848190899,0.16199958340127676,0.023203069384546453,0.02537448472791629,0.2474526345357212,0.09078789832287577,1975,40.0817364584796,40.424545
0.6854034277702625,0.11144360748357336,-0.14952509287965998,0.05535519906370465,0.08101244171100327,0.1404532553208643,0.08826659030400971,1976,40.02712375190427,40.424545
0.46052153866229606,0.7725972434536557,-0.246112625748156,0.022357501359871353,-0.00015628378213034745,0.07624667975003353,0.1313721602376758,1977,40.23154053706377,41.273636
0.3816720895583209,1.0570053737347502,0.12537724630729735,0.025332135449446923,0.07669631841807448,0.05814586892385024,0.11075781110767377,1978,40.84970116662991,41.273636
0.9573347185340279,0.8875173364885172,-0.14661662522986996,0.03450163294715895,0.024741250843455395,0.0723581183406215,0.06340126347155091,1979,40.907952018525975,41.968182
0.7786622459825192,0.9436745942558683,-0.1528673503847137,0.03603805032286961,0.008215972912724656,0.08069309900936598,0.14350399836088099,1980,40.85263493359007,41.839088
0.9565927788500003,1.292546664410273,-0.029347887195280066,0.03150335012222101,0.02517207983739491,0.08078742313981116,0.1336679856605781,1981,41.505636717955504,41.839088
0.8140381767845712,1.18621466311029,0.17889562722089689,-0.0032193176378650223,0.08473396278715749,0.01783139135723975,0.12464604787919145,1982,41.41785487463197,42.080906
0.8497205382244643,1.4267895211197112,0.2811176074456575,0.011934417913762489,0.05123826337304744,0.04688462934553693,0.13427804735237345,1983,41.816677347905,42.133633
0.777500222398765,0.8970301878416299,0.11948827737443768,0.04544858911968158,0.009700230257596731,0.03447665148040868,0.13162946053965965,1990,41.02998794214269,41.060909
0.11071775238589779,0.8922820712704731,0.0867468047068773,-0.00440606989799491,-0.11705067261138312,0.017512165173593077,0.1259143206502249,1991,40.126430694808214,41.060909
0.3164063526862211,0.6938532817593118,-0.10951631852040723,0.05401202858662304,0.26983765040667446,0.03732376048562654,0.12608323145226893,1992,40.40271430998683,40.309998
0.2680456339513871,0.6746604963616343,0.004492376817430703,0.008915902394474403,0.22835228196528212,0.03477732425982704,0.09717131331461176,1993,40.33112965219517,40.309998
-1.2774691127800366,0.47053147288173536,0.08670959546434773,0.00860165366583004,0.1367804889707927,0.08454845012869147,0.10694453881221067,1994,38.631361410274046,39.271816
-0.7978799427355886,0.5474375303714809,0.07018457084003543,0.0027697042220313868,0.0679598434667305,0.018127269469594264,0.1088103587701394,1995,39.03212365753493,38.437271
-0.5627255159938513,0.2964065408298712,-0.11909474600022966,-0.03451600787032337,-0.08532201817371801,-0.004718079644770932,0.07822270084365855,1996,38.582967197121114,38.437271
0.47127887518242556,0.2606193586376485,-0.6186119662701977,-0.037585911084811297,-0.0045134434946629345,0.011580435768748709,0.09564706152421242,1997,39.19312873339386,38.640911
0.12064613673470374,0.33795942148489316,-0.372180103289683,-0.0622035395243961,-0.06666923100125104,-0.001845259421441566,0.10685756880910495,1998,39.07727931692243,38.213631
0.14603822020244345,0.26985625245979467,-0.5211140213965386,-0.032429477478543564,-0.070060747994995,0.01263929050351312,0.09829593934432769,1999,38.91793977877051,38.668182
-1.1120283962821138,0.7448826309268611,0.06587344444221635,0.0023469668928679088,0.15468344170991286,0.0991585425158296,0.09977571344848286,2000,39.06940666678458,38.668182
-0.5941334204673557,0.7684557795286902,-0.13257567192653424,-0.06292917245419807,-0.10496639722827726,-0.050702745247115696,0.10496975318820509,2001,38.942832448523916,38.94091
0.08529128558390589,0.4759776213662644,-0.025420714293976694,0.017147010576415926,-0.03939800178000683,0.017174581041238125,0.11293255781769104,2002,39.65841866344204,38.94091
-0.4394941060705607,0.3652519232365376,-0.12852170327058007,0.011417455075984637,-0.06940992026112087,-0.0005045424747446022,0.0896263984581662,2003,38.84307982782422,38.815453
0.00992899797133023,0.6432341353787456,-0.3594849905251957,-0.03861671329891876,-0.06903835776888038,-0.002312392348970202,0.11916465549060025,2004,39.31758965802923,38.815453
-0.8285824409738688,0.7550669789694101,-0.01913541895785033,-0.033771543875379284,0.011209183919461152,-0.007883476176142875,0.10096410937150495,2005,38.99258171540762,39.391819
-1.2065887315904955,0.3616532291975961,0.12398480422402924,0.014548922510187126,0.024990778256272796,0.008907869971641372,0.09150111836952883,2006,38.43371231406925,39.391819
-0.6553189203931692,0.8210206009185926,0.12082888882325948,0.01404253407854922,0.029396248753253466,0.02346878157672078,0.04883955800608054,2007,39.4169920148938,39.746365
-0.12220809389936194,0.612229130160972,0.18291668441129616,-0.0013369517218182905,0.10777062613440323,0.004939468886091329,-0.9039287564513199,2008,38.89509643065077,38.824547
0.19834999814674992,0.9589039379304383,-0.1597637459184989,-0.09005480164442488,-0.09003163774581321,-0.05440423955645207,0.1262763653050289,2009,39.903990199647545,38.824547
0.2805907398858465,0.719551757997109,-0.10876420921355671,-0.08437022929457925,-0.04145048689429943,-0.06479942558277099,0.11954160380663245,2010,39.83501407383488,39.671818
0.6443907740509932,0.5574723088572778,-0.031621560838955,-0.09721089258288942,-0.041587780282957565,-0.032846120640721684,0.11141092926570398,2011,40.12472198095898,39.671818
0.46852922718701084,0.7451306200433214,0.016870891802122194,-0.0714480773976237,-0.021763999073092337,0.005073287387595107,0.12014199953630827,2012,40.277248272616134,39.91909
0.433720020630476,0.832513532696339,0.22864241858425502,0.00046516131016715115,-0.02640878689215221,-0.004620396432253194,-0.009521079060096768,2013,40.46950519396722,39.91909
0.5878312510318976,0.5488846195878669,0.08933081884701699,-0.000684361578246677,-0.020231035650874453,-0.009161383451886385,0.12979793763110273,2014,40.3404821695474,40.268181
0.6119425967281762,0.5264169964582153,-0.18910690342838793,-0.06145660193669647,0.02858389317027097,0.029299119836515373,0.12058696568226765,2015,40.08098038964087,40.268181
0.7770792644117587,-0.4772270305352838,0.03120264320898091,0.09310867755039029,0.08398681190656182,0.14379838647722104,0.06439806121723005,2016,39.731061137367384,41.273636
0.7690616159735693,-0.46347384450281515,0.08311962092710548,0.10464595670275167,0.11150279846553335,0.052275427556523035,0.07029978769784273,2017,39.74214568595101,41.273636
0.7992922931945428,0.5235354880180757,-0.19115298467151545,0.0029964027053710836,-0.018997273665395935,0.049157866163479016,0.12235597891187365,2018,40.30190209378695,41.149998
0.6201096354021428,0.8684616074142554,-0.03489235913363576,0.055836535060689634,0.19064661159392637,0.04314278438342709,-0.16957060845676916,2019,40.58844852939454,41.137276
0.8536809919891768,0.7872736801037301,0.004029167750641995,-0.030799221118433934,0.10443837763749732,0.04038852620076302,0.12499576388355817,2020,40.89872160957742,41.137276
0.9277598404287027,0.8569932954255494,0.270813608696982,0.0197162994719813,0.1297317601660091,0.04319376822772732,0.12098624038886306,2021,41.3839091359363,42.080906
0.6199764679688293,0.9337862599548147,-0.09706201403331699,0.11359170196392292,-0.0064837212068556485,0.04281365748685914,0.13294385340216647,2024,40.75428052866691,40.777271
0.450147674877847,0.890819844545098,0.029625346472050538,0.039613965060334974,0.014317813284309847,0.034096469179943294,0.13316833663276237,2025,40.60650377318285,40.777271
1.0351677517531621,0.5157548168424516,-0.2471273504793331,0.09122822445247933,0.012689202660865328,0.0302925947930104,0.11517038220893831,2026,40.567889945362055,40.309998
0.6845720024075728,0.5168838947860397,-0.21006319991319505,0.05523957064636326,0.006279228865378126,0.009388543252861566,0.11935616025515504,2027,40.196370523430694,40.309998
-0.8273756819255612,0.5287727715149817,0.08209837722712139,-0.010573971158356543,-0.03131517828200707,-0.008476150975330514,0.10431827153832186,2028,38.85216276106965,38.919094
-1.2297475224078545,0.5163557366786067,0.15098662613329353,0.023469231320640063,0.19133496949542175,0.06786839665460709,0.08965770123845851,2029,38.82463946224365,38.928185
-0.8368875386843779,0.16553651449096657,-0.11870600477978284,0.01114056548971591,0.13141211893622434,0.0065943253039755624,0.07000847700911479,2030,38.443812780896366,38.437271
-0.0004435512394101262,0.42626468574730236,-0.2705718911046977,-0.05756423266809402,-0.11534850056958329,-0.01713809888472391,0.10375681309771702,2031,39.08366954750904,38.640911
-0.5563923124011624,0.3171194767760072,-0.18365274877544743,-0.029429894111394676,-0.0810725706238443,-0.011057974708367535,0.07548578975019254,2032,38.54571408903647,38.640911
0.644302161093011,0.5406366172405604,-0.12614596016822094,-0.007573427333155266,0.005893573075400869,0.06403878602381274,0.12580315772150866,2033,40.26166923078345,39.099094
-0.8516389223735489,0.5653158808329533,0.10045417886061649,0.017301787121709197,0.07427284028322854,0.027916666707095684,0.10938348049719454,2034,39.05772023505976,39.099094
-0.8461878487944947,0.7170601854025495,0.03672680261947031,-0.02090345563156245,0.05811083854573649,-0.010794377003174184,0.11456599559278946,2035,39.0632924638618,38.94091
0.08816185620542481,0.4243726072542737,0.01600241151626736,-0.06409180898698112,-0.07685279792017527,-0.006212478575507197,0.10659035736578648,2036,39.502684469989596,38.94091
-0.5636786277575175,0.35085119141513754,-0.09986358080736474,0.013148951397379689,-0.0690024740694826,-0.006196349745402728,0.08142471001351466,2037,38.72139814357675,38.93
-0.6023878216444623,0.7105096991919793,-0.12158481765052048,-0.06186489470246186,-0.11901089164490398,-0.05145138547154609,0.09095664350304158,2038,38.85988085471163,38.93
-0.7142592925562732,0.7770093606005932,0.034262497624548735,0.004455718434028334,0.011232632825449777,-0.0012296006461672041,0.10051575320997297,2039,39.22670139262265,39.391819
-1.1202697244872237,0.44338723322591445,0.1164702465159221,-0.008458021929838569,0.15026451026172866,0.020668723460246476,-0.4501601539280944,2040,38.16661713624914,39.391819
0.33256136875778153,0.8193004179266596,0.09142005879495516,-0.03466990413377766,0.045449926477841095,0.0012156744170270246,0.12769571198374194,2046,40.39768757735475,40.310001
0.1876948882602167,0.9120765993774577,0.048826491306169,-0.052672729884059015,0.10491694458088631,-0.0047293394652340144,0.13540469900020155,2047,40.34623187630618,40.310001
0.7583065066751474,0.5442991440873841,-0.2044680588222065,-0.04128190745079578,-0.012696861643228984,-0.04817811384654571,0.11636512303047651,2048,40.127060155160756,40.268181
0.9556816410654408,0.5306045956310891,-0.23293359934628718,-0.06056142888402143,-0.03909617591783416,-0.0886339451986226,0.1115339062107295,2049,40.19130931669102,40.268181
0.5368515312789505,-0.8442632367905758,-0.021817991177041578,0.03983722106600936,-0.04543872574741887,-0.009287565870987526,0.05786776323494659,2050,38.728463319124394,40.000908
0.6267610861517551,-0.5974095248584556,-0.06425845008527628,0.07698874060774233,-0.010848755167410998,-0.016530540896297685,-0.1181300079635024,2051,38.9112868709191,40.000908
0.7536272446743781,0.5024361370710569,-0.12358486753885296,0.0022835763695179894,-0.021124932744792175,0.042493370439621196,-0.3574296062565576,2052,39.813415245144846,39.915451
0.4553157964174961,0.7754265915000869,0.06911216171846357,0.06360987406553092,0.0348055637681739,0.05650997715664732,-0.33711148299297106,2053,40.13238280476396,41.137276
0.9713417610345032,0.8334879161463143,0.2799722360046905,-0.0037827070191196687,0.10894934565598423,0.0884119206788718,-0.22489416263957135,2054,41.06820063299216,41.137276
1.1351465491413033,0.8635438678903945,0.2793602543836371,0.014533130460690956,0.07714544766234292,0.03795010990113822,-0.2678423412494325,2055,41.15455134132058,41.840908
-0.35837188361133104,1.0106198198571712,0.09940003439669635,0.0032939761171961682,-0.023053265960723705,0.012863911944748776,0.11309815795356588,2058,39.87256507382785,40.777271
0.2903300783022617,1.1695206410315993,0.05298289025283684,0.06507013968905681,0.004825805585186547,0.015043080565311623,0.1392408617497423,2059,40.751727820306506,40.777271
0.1475190545363019,0.40174429680824214,-0.22427143755569004,0.005338801486538009,-0.04183009898100067,0.019022492804853547,0.1172821182123248,2060,39.439519550442085,39.482723
-0.015234504252395214,0.48077234759041537,-0.19151985741916136,0.012455900706798145,-0.05610442526065309,0.010659086184460936,0.11169379957159412,2061,39.367436670251585,39.482723
-0.7058404039338568,0.7210339351499151,0.004241418308569593,-0.07705783114539688,-0.08685284815177174,-0.02444961361456813,0.09067431497569851,2062,38.93646329471907,38.919094
-1.3597347743853048,0.6961115027996503,0.15146760404456353,0.024494529669180014,-0.01545088626649732,-0.09396885454508315,0.10769757508622176,2063,38.52533101953321,38.928185
-1.3177598395799877,0.7904067546303134,0.10255862418612154,0.01164058432824209,0.14139548432522145,0.04077364945603756,0.09449900096239146,2064,38.87822858143884,38.928185
-0.6524896938494815,0.9772911743425355,0.03482946657392781,0.016068253306917676,-0.12975075301867228,-0.07601535866269905,0.10256133154696521,2065,39.28720874337,39.177273
-0.6783079359387488,0.9067520845353869,0.02174588185902888,0.0017825594887732452,-0.08093478615386035,-0.03397382750284845,0.09942916756150934,2066,39.25120746697973,39.177273
0.16616788300601903,1.0366995742607863,-0.0027366155142803206,-0.06304593657402481,-0.10339134026602963,-0.05904286342605237,0.12395176560191423,2067,40.11331679021885,39.099094
-0.36872443698674406,0.7869078403934808,0.11848539525275086,0.02058730817864033,0.09262349414115979,-0.0087788953116977,0.11893184020535497,2068,39.774746869003465,39.099094
-0.6431009660560221,0.9293817726249188,0.11895979151765589,0.012167701194883791,-0.08249374458297207,-0.045069648048325035,0.1144259390805913,2069,39.41898516886122,39.039089
-1.1434257967137653,0.4588606895385081,0.24762582782063758,0.07511371529733246,0.022122726888680874,0.08095999493540292,0.10593249830036919,2070,38.86190397919766,39.039089
0.031499402565000945,0.5061997969910303,-0.2602039321813384,-0.016145501305949578,-0.1086633324124967,-0.01260151339787053,0.10808967199032235,2071,39.2628889153792,38.93
-0.8264521946311789,0.21993897317195302,-0.12637123023186358,-0.03280890265324149,0.007428940860447232,0.038407549414867945,0.07636936310782418,2072,38.37122682216937,38.93
-0.7228619058331848,0.2760619463777719,0.011006591447562154,0.05056326525397904,0.1972691030008205,0.0074455775995560585,-0.2470897211684543,2073,38.587109179808564,38.789997
0.4326978356393685,-0.05100387825615676,0.047732503049975554,-0.005642922090909697,0.050748093315348436,0.13635752931662476,0.09109822418385269,2077,39.71670170828861,39.951817
0.7644920927127797,0.030696378936544616,-0.12318366032208071,0.025980748879068538,-0.04132829377564442,-0.07480027245585914,0.09206709398187872,2078,39.68863841108717,39.951817
0.590829673564846,-0.4684507340473442,-0.1265087845874126,0.07361656228236674,-0.01000212319801465,0.030375875208620805,0.07365258131361652,2079,39.178227373667205,39.462727
0.4919348374781665,-0.7755389090830405,-0.11267450429285573,0.029712431035307154,-0.03531778864046835,-0.12707589124055235,-0.07372223583584336,2080,38.41203226255125,40.000908
0.805590196791297,0.6632901412485228,-0.00397302718372055,-0.07246092350901398,-0.006591898972148262,0.053190847508770636,-0.6031699223898191,2081,39.85058973662438,39.915451
0.16804718543078737,0.9002551109166453,0.19200267020349446,0.04518744842390422,0.03107056397885318,0.04408660486775848,-0.13237627228386994,2082,40.262987634668065,41.251816
0.885473495198926,1.1638572517221977,0.4667449224774427,0.008888747665414965,0.07077175340598788,0.07606160042370487,-0.2739516652866481,2083,41.41256042873752,41.251816
0.8248372387227002,1.0634149970877569,0.13257236722015694,0.08149772039769321,0.03910757078103079,0.04730602939434429,-0.0234286764151659,2084,41.18002157031903,41.840908
-0.817105311049142,0.8299596026903284,0.1388472240264185,0.0223143874484562,0.13392882887168298,0.0990066178338155,0.12739226301162487,2087,39.54905793596371,40.435455
-0.9324649157720185,0.8147693735775196,0.1231750639072092,0.01341887581974935,0.18861588948400473,0.10438512928724698,0.10756088474819328,2088,39.434174624182425,40.435455
-0.763523836768496,0.42694107982823826,0.3214543171184172,0.07991228225719244,0.020299344087865337,0.07867402292489374,0.1083482213037252,2089,39.28681975388235,39.482723
-1.1615922930061529,0.4485223054078174,0.24839855230186517,0.06308031131607797,0.014690166729544842,0.07239126741269462,0.10504953451574776,2090,38.8052541678081,39.482723
-1.2938018581200825,0.7078613776546372,0.15101483529380158,0.02082387634516357,0.044957693020643015,0.06196840242736459,0.10990947499268829,2091,38.817448124744736,38.651817
-1.341392105298814,0.7280282731378775,0.15911905231345153,0.02539371510067733,-0.004471938829640878,-0.07639705013370386,0.1098188530384553,2092,38.61481312245878,38.964542
-1.4793469400827826,0.7803381132492919,0.12045550002667178,0.014217951892092724,0.06510325737728179,0.08879028879348036,0.10737199167452471,2093,38.71164448606108,38.964542
-0.9133879801449292,0.8945558059261803,0.1381813449700541,0.027686962754473125,0.001234257286592408,0.014440591298513909,0.11722951359742767,2094,39.29465481881884,39.177273
-0.9498132143586323,0.9211867989827938,0.16290845498304507,0.03337323562910126,-0.0025063513841105537,0.026493518014619456,0.1187956907270951,2095,39.32515245572443,39.177273
-0.8742344960362531,0.8558264839406509,0.07704049601555941,0.02864274262625111,0.02816619300849389,0.03435828622909195,0.1190228176116061,2096,39.28353684652591,39.41909
-1.3267423238019516,0.5179959367564217,0.10784141950068583,0.014011827299870308,0.2043301057200258,0.057448589452378,0.09195893838188211,2097,38.68155881643983,39.41909
-1.5860468404318524,0.30659789730750187,0.09463464831072306,0.009361806607832224,-0.003511875759388246,0.01748847606936935,0.0802137123537061,2098,37.93345214758836,39.039089
-1.2827422965231352,0.4550989121815372,0.2519465767561302,0.07690592061810897,0.07132277886606289,0.05367840141396147,0.10287457335325807,2099,38.74379918979644,39.039089
-0.7416119966432607,0.3822910000559782,0.11211936938514429,0.020073857153588233,-0.13695931347501253,-0.004194286013622911,0.08752984128722341,2100,38.733962794880554,38.393635
0.33893025492132817,0.5788932446160642,0.043317473457814164,-0.03725235881389529,-0.07000151350995568,-0.016222182736903266,-0.15092629551842132,2101,39.70145294554654,38.393635
-0.26967861253725384,-0.1820993222964902,0.077831047035895,0.052156340481854246,0.011748059072346715,0.1475360303994427,0.11792257435208855,2103,38.97013043963841,39.951817
0.7317476127765564,0.14652253580364227,-0.16846922869339345,0.08329586295132338,0.008923123202310033,0.08905488496415766,0.08842097296806604,2104,39.99421008710318,39.951817
0.562988499267183,-0.5413172060953788,-0.13005563804486775,0.05313519283422916,-0.0133710892922816,-0.0423612403357866,0.06864886499110781,2105,38.972381706454705,39.462727
0.4814009268855508,-0.6330823607688865,-0.1608064234960198,0.04725300437100574,-0.06956264821055293,-0.14951005072140508,0.06360411119534169,2106,38.59401088238554,39.462727
0.35096760621196865,0.6437937363529064,-0.32414222487862593,-0.04024136173389192,-0.028219295168691677,0.027739522021876715,0.1220194402779901,2107,39.766631746214074,39.671818
-0.2526990525086394,0.8049297837863671,0.14126109217455945,0.037146380009282734,0.17116027883609997,0.07041005024123866,0.11154675323654768,2108,40.098469608905994,41.251816
-0.5127065469186847,0.8095893880234978,0.1087541981427529,0.02470834187921409,0.12293892800182292,0.0244587359344686,0.0066900375665660435,2109,39.599147405760164,41.251816
0.5692656370058989,1.0365481229666826,0.146400136473878,-0.023677980643336413,0.10009549971547853,0.05628090276249393,0.1262950706426472,2110,41.02592171205423,41.389996
-0.93965214151087,0.7387399741408444,0.10222760491813321,0.01041740045328417,0.1536609512698065,0.10808553751941322,0.1072476163877928,2113,39.295441266308934,40.435455
-0.9629791358233212,0.7672995420392131,0.14280732015961525,0.013520707510160624,0.21327897262110146,0.11064920590018065,0.10562650559686423,2114,39.40491744113433,40.435455
-0.6865885334031789,0.8347375245517694,0.12895103197404065,0.020348029997331072,-0.056564040996570066,-0.043795107562722285,0.12290617822916812,2115,39.334709405920314,38.773636
-1.5500276108967614,0.5081472719323051,0.10638011971722723,0.013529796526605553,-0.10204914051740017,-0.1754926694632336,0.0966030852768817,2116,37.911805175706135,38.773636
-1.699297606532458,0.4379854542825727,0.11399327727218804,0.016148188752222143,-0.008563421824549824,-0.22725055807393854,0.0938883267760785,2117,37.74161798378262,38.477268
-1.3391055731620047,0.5175319218153406,0.10275541128967375,0.011538934333243546,0.06914923994983213,0.06488768365170476,0.09047894622413304,2118,38.53195088723241,38.964542
-1.075022523544854,0.380586512112341,0.22838355430658588,0.049900542314241125,0.12169922072538773,0.06961512939024381,0.09537136135139498,2119,38.88524811978589,38.964542
-0.7932059333905712,0.4124849773721165,0.32796052587775326,0.08101354223132519,-0.007355106576251723,0.052515955093021774,0.10669501387768518,2120,39.1948232976156,39.420906
-1.3856446681035453,0.5979532757031184,0.11511483199315116,0.014494302839133276,0.15942284526367814,0.09071193031020423,0.10881068757834127,2121,38.71557752871458,39.420906
-1.6353381284078046,0.31694736655391964,0.1063750458682651,0.00975037639503139,0.05734205279722148,0.0944736879036494,0.08308100106044196,2122,38.04734572530119,39.41909
-1.4206323209625584,0.3706410280333443,0.10157811769977615,0.010701204381659132,0.08989982911048981,-0.05694272305866715,0.049536582578120686,2123,38.159496040912686,39.41909
-1.5071468911902897,0.10944023324407705,0.07528175304623513,-0.04546051634425374,-0.1067831686843555,-0.056684466577432424,-0.5653134240089256,2124,36.918047842615515,38.184547
-1.221792460168756,0.5692853901322518,0.11669501044648418,-0.016967347277319366,0.20177385894961777,0.022642745491756284,-0.7968359174255542,2125,37.88951560327898,38.184547
-1.4679711202061358,0.3954224716417246,0.12118977062070566,-0.0035277606792186488,0.13981023621930588,0.07649609123657351,-0.3600998829053648,2126,37.91603412905808,38.393635
0.3934892371122899,0.5686044899574424,-0.20456358120935414,0.011465597867354158,0.014853898310775729,0.053058154084508195,0.12349013411992496,2129,39.975112253373446,40.166363
0.14586700384759732,0.619366408354863,-0.1707864628623924,-0.035447385221723415,0.24768356647983367,0.03502492376247337,0.11678894185540249,2130,39.97321131934657,40.166363
0.38053401880760185,-1.015561872057899,-0.17410135607173738,-0.035911428487791455,0.0035077394212719684,-0.05090648043357905,0.05181020613781841,2131,38.174085150446196,39.560905
0.4606677534125057,-0.9377721199288606,0.009005941390241046,0.011860312980185918,-0.015677846100753314,-0.02464746047230634,0.060001873050991576,2132,38.578152777462506,39.462727
0.8156484416871072,0.481778014463568,-0.2210047234038917,-0.0787097033964388,-0.010836581295555602,-0.08819787818162422,0.1107428251514628,2133,40.02413471815513,39.671818
0.38366924944827596,0.8776180238833492,0.1816870552071046,0.03723589024621609,0.08922815192615693,0.03702969941150263,0.13414011800775888,2134,40.755322511260886,41.395451
0.26415289788474394,0.9282250785775514,0.19742437535893445,0.017603214562214996,0.14838546003780903,0.0684959519109548,0.13294098446682232,2135,40.77194228592956,41.395451
0.6229087590432981,0.9071001103795943,0.10857968762423915,0.016091312423281903,0.12456582932217787,0.03545498634855523,0.13746777798603232,2136,40.966882786257685,41.389996
0.5562772353400609,0.8898792185038169,0.2124128492446537,0.01045173164899842,0.11854984379074766,0.06628738403304096,0.06321427644976058,2137,40.931786862141564,41.389996
-0.5073629953278371,0.8448247504344363,0.10334739517088247,0.014040601691504605,0.08909101872150273,0.035186548233025534,0.11987021025231431,2139,39.71371185230633,39.469997
-1.1367061011022237,0.7619429356362026,0.09767926199729353,0.004290712840519731,0.2162677139430831,0.09893293043904698,0.0955804302499345,2140,39.1527022071344,39.469997
-1.4466259990970889,0.5605506831410517,0.13134839521473554,0.017343210199741384,-0.048082541616447046,-0.11616528393420093,0.09712026334013901,2141,38.21020305037843,38.233635
-1.2919973816882377,0.6416009518006777,0.1089901204770939,0.013353962720908276,0.14527462806160485,0.08714778401508068,0.09415453866554421,2142,38.8132389271832,38.773636
-1.596712892485279,0.48239879982744194,0.11617428332797589,0.015576872747420352,-0.009539637341056027,-0.05599357877811658,0.09762514726041209,2143,38.064243317689304,38.477268
-1.279495913258046,0.5715498449664582,0.09892116685591847,0.01242646920925627,0.13640701637957384,0.08947574704211009,0.09315770834549912,2144,38.737156362671286,39.051815
-0.9151800251511459,0.3619801631205533,0.3133966192948448,0.07796428003237894,0.05882285697690427,0.07635177551992729,0.11028276689688166,2145,39.09833275982085,39.051815
-1.4462825579155154,0.4419824204936456,0.10364508765479144,0.011694028193684864,0.18862857359503563,0.06256776808564347,0.08699881108322037,2148,38.46394845432101,38.531815
-0.603806702904148,0.07623915461811326,0.07491110016782936,-0.013999809873190902,0.16661882865051872,0.0822071492568073,-1.0815547900919535,2149,37.71532925295448,38.531815
0.8528126394593872,0.8402589456944144,0.19853123200788517,-0.003468317538384703,0.07285872077509307,0.014971435284497663,0.12347709292436791,2151,41.11415607173773,41.022724
0.7428711061126363,0.6141809217412649,0.018721661618341295,0.029214489810853086,-0.02637480778248707,0.030728907363363908,0.12574404636434772,2152,40.54980064835881,40.755447
0.31091127461922036,0.5728838987970359,-0.2876143526954718,-0.006689637347188291,-0.025559760795578187,0.024140250677259858,0.11987474107416735,2153,39.72266073745991,40.166363
0.30913038246760666,-0.8498375367545951,-0.11703593532993234,-0.005049714039979018,0.030030021428674742,0.06806463219367963,0.05214038405399069,2154,38.50215655714994,39.560905
-0.01876633052138355,-0.8098979280252967,-0.06335343701080906,0.0068741506826468,0.0005694128085133148,0.027658231497055225,0.0885123864867466,2155,38.246310809048,39.560905
0.6846247780447312,0.5174044246198264,-0.2033164143214586,-0.08516580236200762,-0.041255073014265356,0.04026434046110714,0.11898734935793395,2156,40.0462579259164,39.722721
1.08227222549598,0.5956748144764057,-0.09680366432852339,0.16227832014158458,-0.0006781309951531114,-0.03883350305003517,0.12124888444770561,2157,40.83987326931845,41.395451
0.4936526774804805,0.9944407732172613,-0.23458966512974622,0.05139258783813626,0.1125225309422412,0.028237782355265785,0.1334730034451824,2158,40.59384401327938,41.395451
0.6404137448650277,0.8181300101088755,0.2074155872063688,-0.012432338567275165,0.0752606419185473,0.043343796216911666,0.1193958976591505,2159,40.90624166253811,41.990002
0.7291605294969447,0.8950946250439057,0.09947734210481238,-0.006413810357212898,0.13531236099005017,0.09964646369544025,0.1389723284938184,2160,41.10596416259825,41.990002
-0.8687719298093195,0.5142224770733095,0.0395897892460403,0.011676457405751886,-0.06132761847926197,-0.03948505815335001,0.1103243282182172,2164,38.72094276863186,38.233635
-1.4265866029860106,0.5007175840358384,0.048992993644401905,0.01004458740544027,0.02601005776011067,-0.020369614785864746,0.09808456439935566,2165,38.251607892603786,38.233635
-1.3184426691362936,0.6975217426564013,0.14672806245057546,0.0244394261337459,-0.08446668250100847,-0.0680544818555445,0.10161646323261789,2166,38.514056184111006,38.433628
-1.369002876080691,0.6953087646714482,0.15623972400697372,0.023562958931653794,0.04528071191046498,-0.03978365004160702,0.10862073203911281,2167,38.63494068856785,39.051815
-1.1382552133022914,-0.05373441068072533,0.2797548273229498,0.07800041424492773,0.04637267496013973,0.09006668546778537,0.061795330165750825,2168,38.37871463130905,39.051815
0.6600391692687584,0.6687465933218473,0.12296046940160119,-0.001977636664570277,0.10985090869795795,0.05403402531935675,0.11320640697054253,2171,40.741574259446,41.022724
0.7934438765481041,1.0312945092306556,0.018094427130044274,0.029225925416912883,0.009059986775375851,0.04464802616252601,0.13439137757676842,2172,41.07487245197091,40.755447
0.4461144698020544,1.0827887189415601,-0.3631485242502733,-0.020244945337070074,-0.013615003241894469,0.06108206730123196,0.13547189208562163,2173,40.34316299843175,40.755447
-0.35628746885145846,0.9133528124134682,-0.14865183839048407,-0.033179201036916864,-0.04137385047589166,-0.010579650519668532,0.112973434487288,2174,39.450968560756856,39.837276
0.5527641417334803,1.006144757604566,-0.42321660769469727,-0.051218826119671504,-0.05596892238999564,-0.0271576990367552,0.12260622430805024,2175,40.138667391535485,39.560905
0.05295699992237211,-0.19976594533486203,-0.06552023869595126,0.039913245840673545,0.012703478885603739,0.09201813285114034,0.11913451740584051,2176,39.06615451400535,39.722721
0.6690080566901839,-0.09808588429940879,-0.08140145247536024,-0.02244782510177911,0.012198334840082063,0.06055620863234154,0.08692474368268832,2177,39.64146650509925,41.00272
0.8910943704146472,0.7057672053777619,-0.07743918084225566,-0.008138354484315144,0.02379309307838619,0.0901496856374962,0.12284572696709123,2178,40.7627868692793,41.00272
0.8927486875891707,0.8494324601681397,0.2586947771970418,0.00558286060058917,0.019388553761938484,0.06941179541037519,0.14062333085959222,2179,41.25059678871737,42.104549
0.9418674431972689,1.1026090098025336,0.1413816247676692,-0.020092165537892576,0.07139601957365925,0.08515544051995104,0.1321892561054935,2180,41.46922095155917,41.990002
0.8626949574310621,1.1090324652969084,0.227639770319037,0.008584433712309086,-0.0038465144575427846,0.015598480676234523,0.12915184542653194,2181,41.36356976153504,40.880905
-1.2063187529632045,0.7659143121955416,0.14940788964413945,0.028260543510610612,0.01061544835799532,0.01658397706629759,0.11039776401548874,2184,38.88957550495735,39.035458
-0.8721642437432866,-0.10674162129510932,0.20603191440329252,0.06318753797546163,0.2607111549044743,0.10117380475134814,0.07311129359397148,2185,38.740024163720655,39.035458
0.6987667906945308,0.9731733932468276,-0.04545285432456382,-0.06105717969203105,0.07868753097280616,0.014160078378040519,0.12547030742512413,2188,40.79846238983125,40.755447
-0.4647706712395825,0.8571169809934671,-0.20060471503053628,-0.028142051337292258,-0.06923748134359625,0.0036625324835709754,0.10090005844037722,2189,39.2136389760969,39.837276
0.4054342793488025,1.0210406317950984,-0.6039085675957381,-0.0010083069365185205,-0.055268038107330796,0.020286412520803293,0.11931055403869244,2190,39.92060128819432,39.837276
0.6745342836343118,-0.007434399486950331,-0.19087541354729998,-0.029817318453089818,-0.0021370838785953403,0.06282176964567916,0.08070720060579581,2191,39.602513361650345,39.631813
0.7947926369145825,-0.021861555239436236,-0.039241196289693456,0.03384304457906938,0.0028209350802567788,-0.02504288182217261,0.09684222737873387,2192,39.856867533731844,40.89909
0.8225887888878384,0.8403387394153292,0.14501208473833474,-0.047608691923730476,0.021959196357940258,0.03087449285693863,0.132344094040446,2193,40.96022302750359,41.00272
0.8563360467122876,0.665190992462772,-0.06189263517824214,-0.1008621309218372,-0.014475763412479454,0.006353638536679425,0.1232131856884853,2194,40.488577657018205,42.104549
0.966757245106222,1.1692099675287868,0.2573057895223224,0.015555649689149211,0.058810290995192506,0.06654305309353638,0.13095803252627422,2195,41.67985435159196,42.104549
0.7918738228964428,1.1377229883478364,0.2133936286594449,0.00685889640004965,0.04690918304517565,0.030587585227131626,0.1294817320158476,2196,41.3715421597224,41.606358
-0.5692658299579431,0.5861260827126422,-0.26036101169481574,-0.0216996556568398,-0.011152887688630457,-0.04993093948038188,0.09399667619582566,2199,38.78242675756037,39.837276
0.16332623654349152,0.4293882344837313,-0.271862947959479,-0.04999166901800363,-0.043538018127832805,0.024900241534058197,0.1123752503586268,2200,39.37931165094512,39.631813
0.2083708330937402,0.47627247888198343,-0.1664978317720958,0.015677756656628683,-0.04348171011076293,0.016496986325302436,0.11550722615833323,2201,39.63706006236364,40.89909
0.3804298001573375,0.6494806383764454,-0.21020460588468862,0.09345148063716123,0.2661465049517518,0.02083281777881097,0.12979993354435118,2202,40.344650892691675,40.89909
0.9729412309147538,0.7220920530748866,0.12037147690612862,0.02768070499400335,0.03746894702939572,0.060312505628699824,0.13373897790780206,2203,41.089320219586206,41.744541
0.9398423063749038,0.7573396756824269,0.03674248316825094,0.0750895645577103,0.06871250726566121,0.10417308834409428,0.13958397100063705,2204,41.1361979195242,42.104549
-0.3963361328858275,0.513410031197792,-0.14290025442768697,-0.011174703425603756,0.005500598578088353,0.06609866003487708,0.09070391187048,2207,39.140016434072656,40.11364
0.37799617623419035,0.6913258654273267,0.08992549457774564,0.03673434721375782,-0.02557737439111785,0.019175708108826562,0.12919107909557545,2208,40.333485619396825,41.140911
0.5812403054087872,0.777625579752579,0.4741759832265598,0.0841396645540813,-0.03697097275370809,0.03228174757950082,0.1276637968872973,2209,41.0548704277856,40.89909
0.8953159726675038,0.7026653790981803,-0.1348731102851975,0.014201545382195764,0.00041632660966027144,0.07582205283538766,0.12946571330262233,2210,40.69772820274085,41.744541
